generation,individual_id,decoded_architecture,predicted_psnr,params
0,0,4 2 5 1 2 1 0 7 7 3 1 5 7 2 5 6 7 7 5 3 2 2 4 2 0 2 6 1,-30.127223919942708,58240
0,1,6 6 1 4 4 5 7 0 5 5 7 0 2 5 7 4 3 1 5 6 3 1 4 7 1 3 5 0,-31.230218440532386,613392
0,2,0 7 7 4 1 0 3 0 4 2 7 0 5 2 0 4 5 2 4 7 6 2 2 2 6 3 5 5,-31.244418405216916,42528
0,3,1 7 2 0 1 5 5 1 0 6 3 0 4 1 2 1 3 1 3 5 3 5 7 7 1 6 7 5,-31.290151039053644,427232
0,4,5 7 0 1 0 1 5 0 6 3 0 1 0 6 7 4 6 2 1 0 1 7 5 6 3 3 6 0,-30.257247064971853,518848
0,5,3 2 5 0 6 6 7 4 5 6 0 1 0 3 3 4 6 3 0 6 5 6 3 0 4 0 7 5,-31.046033404193846,1424928
0,6,6 6 1 0 5 7 1 2 1 6 7 1 0 3 7 5 1 0 1 5 7 4 0 7 3 7 1 1,-30.58606547566756,1478160
0,7,6 5 7 0 0 7 3 6 1 5 4 1 1 2 0 4 4 0 7 7 0 2 0 0 4 7 6 4,-29.87812818559571,755472
0,8,1 5 6 3 0 0 0 6 1 7 5 2 2 4 6 5 2 7 6 7 7 0 2 7 6 1 4 7,-30.08119371297615,736800
0,9,2 4 6 0 3 1 5 0 7 2 0 4 5 5 2 1 5 4 0 5 5 1 4 2 0 2 0 3,-31.14063398302434,757152
0,10,4 0 3 3 1 3 1 5 0 6 2 3 7 4 7 7 6 3 5 5 7 4 2 2 7 3 5 3,-29.278800392140138,222880
0,11,1 6 1 0 7 6 4 7 3 4 3 4 3 2 5 5 2 2 7 0 1 3 2 0 0 0 3 1,-31.101211394234785,277408
0,12,6 2 2 5 5 3 2 7 7 0 0 7 2 6 2 3 4 3 5 7 5 7 3 1 2 2 5 2,-30.597788015236215,1531584
0,13,4 7 1 0 0 6 2 1 2 5 0 1 7 2 2 7 1 6 1 7 0 5 4 7 4 5 7 2,-29.316823765784665,164944
0,14,2 5 5 7 4 3 2 7 1 7 4 6 3 2 1 5 3 5 6 1 4 6 0 6 6 7 1 5,-29.488175704068677,507936
0,15,4 2 4 2 2 4 5 1 0 1 4 4 4 1 0 5 1 6 3 5 5 1 4 4 3 5 1 6,-29.174998577520334,59344
0,16,3 3 7 5 7 5 3 1 2 5 1 1 0 0 2 1 6 7 7 6 5 1 1 6 7 5 1 2,-29.808724732557152,2394080
0,17,0 7 6 7 7 0 0 3 1 1 1 6 5 3 6 7 6 4 1 2 3 5 3 1 2 7 0 6,-31.63563444176587,78032
0,18,0 1 3 1 6 7 7 0 6 3 0 0 5 0 7 5 1 3 5 2 2 7 6 0 0 0 5 4,-30.006415940246388,182336
0,19,4 3 7 1 6 5 1 7 2 1 1 3 2 4 7 2 3 5 4 5 6 5 5 7 6 2 1 3,-29.92824877550674,194656
0,20,2 5 0 6 3 5 7 7 3 2 2 0 5 0 3 0 7 2 6 1 7 4 4 2 7 0 6 2,-30.670049859643818,536352
0,21,1 3 5 6 6 5 7 3 3 3 5 4 1 2 3 1 0 5 7 3 0 5 6 3 7 2 5 2,-29.721305908844688,646752
0,22,6 4 0 7 6 6 4 1 2 1 6 7 4 6 0 4 3 2 3 1 0 2 7 1 1 5 1 1,-31.130166774819937,636672
0,23,7 0 1 5 4 6 1 1 0 0 7 6 1 4 5 0 6 7 1 0 4 3 1 6 6 2 5 6,-30.724380341275594,939616
0,24,6 2 7 7 4 0 0 1 0 0 5 5 3 4 2 5 5 7 5 6 2 6 1 6 7 0 0 1,-30.278545528404372,1538064
0,25,4 1 7 2 5 6 7 2 7 7 0 0 1 3 1 1 6 5 4 1 4 0 2 4 0 6 6 0,-30.25260690669429,161424
0,26,7 2 2 3 7 0 3 0 2 7 1 6 4 1 3 3 4 5 1 3 3 6 7 3 6 1 5 6,-31.03092369310523,2456736
0,27,1 7 6 1 5 2 2 0 3 1 4 1 5 3 5 0 7 5 5 2 5 2 5 0 2 2 4 3,-31.46202281430909,326816
0,28,1 7 5 1 1 0 1 3 7 4 3 2 0 6 3 2 0 6 3 4 0 5 6 7 7 5 7 3,-29.932930559567577,961408
0,29,1 6 4 0 2 7 3 1 3 7 1 1 4 3 1 3 2 1 2 2 1 1 4 2 6 4 6 3,-30.215936638581976,512864
0,30,3 2 0 4 6 2 3 1 5 7 5 6 4 4 1 7 6 0 0 2 5 1 7 2 1 2 4 7,-30.77950604149843,900896
0,31,3 4 0 0 4 3 1 4 6 4 2 6 1 4 2 1 2 3 7 3 1 1 4 3 3 5 7 1,-29.675531930022316,1988960
0,32,7 6 0 4 7 0 3 5 7 3 7 2 4 5 0 1 4 1 3 4 7 6 7 7 1 2 3 3,-30.4653966271037,2555744
0,33,1 2 6 3 6 6 0 3 7 6 7 7 7 1 7 4 3 4 3 5 0 2 2 3 2 5 4 3,-30.922147574194476,518528
0,34,4 7 1 2 6 0 3 0 1 3 6 2 2 0 2 3 3 2 5 5 1 0 6 2 2 5 3 1,-30.42151163512644,149616
0,35,4 5 3 1 6 2 5 0 3 7 2 0 3 0 1 3 7 5 7 0 4 0 1 7 4 1 4 4,-29.38239411273809,143312
0,36,3 7 3 2 6 6 0 0 2 3 3 2 2 6 7 6 4 3 3 2 5 0 1 3 6 7 0 0,-29.96494879254353,2099488
0,37,4 0 2 2 4 6 1 3 2 2 0 6 6 1 5 4 0 1 4 0 3 7 3 5 1 5 3 4,-29.66063168553568,148160
0,38,6 7 4 5 1 3 1 5 7 7 7 4 3 6 6 5 0 4 5 6 2 1 4 3 5 3 5 3,-29.375026582774783,1501824
0,39,2 1 3 3 6 7 3 0 3 3 3 6 5 6 5 2 3 5 2 0 0 1 5 2 4 2 1 6,-29.783701936924484,1791456
0,40,3 5 5 6 4 6 6 0 1 0 7 2 6 5 1 6 2 3 1 6 2 1 7 3 4 0 3 2,-31.29505916538,1772320
0,41,4 3 0 0 6 4 4 7 6 7 0 4 7 7 2 4 5 3 4 5 2 4 1 1 4 0 6 4,-30.718787016480103,54080
0,42,3 1 7 1 6 5 6 5 5 7 5 3 1 1 3 4 5 4 7 6 3 7 3 5 1 2 0 2,-30.13988065043168,2844576
0,43,5 4 3 2 4 5 1 5 0 3 4 7 2 5 5 5 2 0 5 5 2 7 0 1 1 1 6 7,-30.20232505113235,426016
0,44,7 6 6 2 6 0 3 2 4 4 1 5 4 0 2 1 5 1 6 7 2 1 6 0 0 7 7 7,-30.560872540164752,833184
0,45,5 7 2 2 2 6 1 6 5 1 5 2 6 6 2 1 6 2 1 2 4 4 7 7 3 5 6 3,-31.13216855417119,562848
0,46,4 3 4 5 3 0 2 6 0 7 7 7 5 0 4 0 6 4 3 5 3 5 4 4 3 7 1 2,-31.08169043565755,61792
0,47,1 4 5 4 3 4 0 3 6 6 3 0 4 6 0 1 4 2 5 1 5 3 6 2 3 6 1 4,-30.458487756108916,239488
0,48,4 0 0 4 4 4 0 0 2 3 6 2 5 1 5 2 5 3 3 1 5 1 7 2 5 0 4 4,-29.93620399212151,162208
0,49,5 4 2 1 6 0 4 7 1 6 6 2 5 5 6 0 3 6 0 6 5 0 4 4 4 2 0 5,-31.43825887399564,153664
0,50,4 7 3 5 0 0 7 7 4 0 0 0 1 6 5 5 2 3 2 2 1 2 5 2 4 4 6 3,-32.30035152884982,70128
0,51,6 4 5 0 6 4 2 0 0 1 2 4 4 0 6 3 2 4 3 7 1 7 3 0 5 5 5 1,-30.174613395269592,362640
0,52,4 1 2 2 7 5 4 3 1 6 0 3 2 7 2 2 0 6 7 6 5 0 6 6 4 6 5 1,-29.697607303941272,105200
0,53,4 6 4 3 2 3 4 2 3 6 5 3 0 0 0 6 3 2 6 4 4 2 6 1 7 3 5 3,-28.988905001930316,120384
0,54,4 7 1 0 5 4 3 3 0 1 4 5 7 6 0 1 6 7 7 2 4 6 0 5 2 1 2 7,-31.38408944455931,93312
0,55,3 4 0 6 6 6 7 4 3 3 2 6 1 2 6 2 7 0 1 2 0 3 2 0 2 6 4 2,-31.063865277940625,1014880
0,56,4 2 3 6 1 2 0 2 2 4 2 6 2 0 2 4 6 2 6 7 2 4 7 3 2 0 5 6,-29.95508606026231,104656
0,57,3 4 1 2 3 0 3 7 2 4 0 7 4 2 7 0 7 4 0 1 0 4 0 4 4 2 5 7,-30.73383241563305,597408
0,58,3 1 4 1 1 6 7 4 0 7 1 6 0 3 2 4 3 0 3 5 6 4 0 1 1 2 7 4,-30.122800661240767,1156832
0,59,4 6 3 0 1 2 2 5 6 7 0 3 2 3 7 1 3 0 7 7 1 5 1 1 2 2 1 5,-29.61034848563829,166336
0,60,0 5 0 1 2 7 1 1 5 7 3 4 3 4 4 6 0 1 6 0 1 7 5 1 3 6 7 2,-29.105610059206533,116816
0,61,5 2 1 2 4 1 7 1 4 1 3 6 7 4 1 1 1 2 6 6 2 5 5 3 5 4 2 3,-29.50450827733476,492192
0,62,6 4 6 3 7 4 7 7 1 6 5 7 4 7 4 7 2 5 5 2 3 2 7 5 4 3 2 2,-30.297895353110558,809712
0,63,0 1 1 0 0 7 0 5 2 5 2 2 1 6 7 5 7 5 7 1 7 2 3 6 3 0 7 4,-29.73563095073925,159392
0,64,2 0 1 5 1 3 5 1 2 6 6 3 0 7 2 4 0 2 5 1 2 6 7 5 6 6 3 6,-30.884197427984578,1187040
0,65,5 6 1 6 7 5 3 6 4 5 1 7 4 5 3 5 6 1 7 4 4 5 1 4 5 3 5 4,-30.406852878127783,346496
0,66,5 2 4 2 5 6 2 1 3 0 0 7 2 0 7 7 6 4 0 2 4 5 1 5 7 0 1 2,-30.449936360445026,642208
0,67,1 3 4 2 6 1 2 4 6 4 7 6 4 6 2 5 7 2 1 7 3 7 1 5 3 6 4 2,-31.668309204751974,128672
0,68,4 5 0 5 4 4 6 1 6 5 6 4 4 1 3 3 7 4 3 2 5 1 2 6 1 4 7 7,-30.280096989749346,90560
0,69,3 4 3 7 6 4 0 5 3 6 5 0 5 5 3 6 2 2 3 7 4 2 2 6 3 1 1 7,-30.45077914970051,3540640
0,70,5 2 0 7 1 2 1 5 1 7 2 3 2 3 7 7 5 4 5 5 4 0 2 7 0 3 7 0,-28.67820254300163,609632
0,71,2 5 3 3 5 3 4 3 7 3 5 1 6 2 6 5 1 4 1 1 0 3 6 7 7 6 1 2,-29.521927546684083,2420208
0,72,0 7 2 0 5 4 4 6 3 3 5 2 3 1 7 7 2 4 1 1 5 7 1 7 6 4 0 3,-30.020117344025895,209376
0,73,6 2 3 2 7 7 0 3 6 3 7 2 2 1 0 4 1 7 3 7 0 4 1 1 5 5 0 7,-29.229023975561994,1109952
0,74,5 4 4 4 5 0 4 3 2 6 1 5 7 1 2 0 1 0 4 5 6 0 7 4 3 7 3 0,-29.84422080727057,205472
0,75,5 5 0 5 7 7 4 5 2 0 7 6 2 6 4 6 1 7 1 2 7 6 2 0 6 1 6 6,-30.867819178011274,402368
0,76,4 3 6 3 1 0 7 0 1 2 4 4 2 0 1 2 7 0 2 6 7 6 0 3 6 5 7 4,-30.45702800800903,146464
0,77,6 1 7 4 7 5 5 7 2 4 6 5 3 7 4 7 5 6 0 7 6 7 2 3 7 6 1 1,-30.77640271207082,818496
0,78,1 6 7 3 7 6 1 4 2 0 0 2 0 2 3 2 0 3 0 0 7 3 2 7 5 3 4 0,-30.72763976170044,735936
0,79,0 4 1 7 2 6 2 7 0 4 7 4 0 1 5 6 5 3 6 2 4 0 0 6 4 5 0 7,-28.155352554401798,123184
0,80,6 2 4 4 7 6 4 5 3 4 1 7 3 1 1 6 4 0 1 7 7 5 6 3 2 0 2 0,-30.61232308298113,1159824
0,81,2 6 2 3 0 0 3 3 1 6 0 0 1 1 2 0 6 2 5 3 6 5 2 7 2 3 1 5,-31.189560624502604,982320
0,82,1 6 0 5 5 2 1 2 3 6 2 0 0 0 0 3 7 2 1 7 3 4 6 1 6 2 1 3,-31.437090971650907,337216
0,83,3 2 4 7 1 4 5 0 5 1 3 3 4 5 7 4 3 1 2 0 4 6 3 3 7 4 1 7,-29.76769974846,1670112
0,84,1 6 6 1 3 0 6 2 5 3 3 5 6 6 2 4 0 5 7 6 2 6 7 0 7 2 5 4,-30.758589528672246,272384
0,85,7 3 1 7 3 6 1 4 5 0 3 6 7 6 3 4 3 5 3 1 7 3 3 2 4 3 5 2,-29.755391754651303,2140896
0,86,2 4 5 0 3 5 0 0 4 7 2 7 7 1 5 7 3 0 0 3 2 7 0 2 5 2 7 2,-29.538466392285166,1261632
0,87,3 0 1 2 6 6 2 3 6 3 5 0 7 2 7 4 5 4 5 1 1 2 1 3 4 4 6 6,-29.935659377962672,1467616
0,88,6 2 5 2 7 6 6 0 3 6 5 3 4 3 1 7 2 4 7 4 5 4 4 0 7 6 6 6,-29.687284538310653,921264
0,89,4 7 2 3 3 2 0 3 5 2 4 4 1 0 3 4 4 0 5 1 7 4 5 4 5 2 4 2,-28.892950556264047,45072
0,90,0 4 7 5 5 1 1 4 3 7 7 7 1 3 6 0 3 2 0 3 5 1 5 5 4 4 3 4,-30.83497775994537,43712
0,91,1 4 0 4 0 0 0 4 1 3 1 4 0 1 2 4 2 7 6 7 3 3 0 5 1 2 2 7,-30.65326593346757,310464
0,92,4 5 4 1 1 2 2 4 1 7 0 7 3 4 2 7 0 6 7 2 7 5 3 3 7 7 2 6,-29.078778492700767,179536
0,93,0 4 3 6 0 3 1 3 6 6 4 1 7 3 5 6 7 3 6 5 2 6 3 5 3 0 0 4,-29.72358845004062,110672
0,94,1 7 0 3 7 6 3 1 4 0 7 3 6 7 0 7 1 1 7 6 7 3 5 6 7 0 7 5,-30.7787908897706,563776
0,95,0 7 5 4 2 4 5 4 2 2 5 4 4 1 3 5 2 1 5 4 4 1 6 3 2 6 5 7,-29.85497307692501,83344
0,96,6 4 2 4 1 3 7 7 3 0 0 2 2 7 5 2 4 4 1 7 0 4 6 0 3 5 7 7,-30.610561185432402,1590624
0,97,5 7 1 4 0 6 6 7 3 4 3 6 0 6 2 4 7 0 6 1 6 4 2 1 7 7 2 2,-31.436457663955046,195232
0,98,6 4 0 1 5 5 6 5 4 4 7 5 1 1 4 2 7 5 0 0 6 7 0 7 0 0 1 7,-30.697195819336468,596352
0,99,0 5 2 7 5 4 5 6 4 2 2 0 3 7 7 5 3 0 2 5 3 1 0 7 3 3 4 4,-30.335737697816267,169040
1,0,0 7 7 4 1 0 3 0 4 2 7 0 5 2 0 4 5 2 4 7 6 2 2 2 6 3 5 5,-31.244418405216916,42528
1,1,4 7 3 5 0 0 7 7 4 0 0 0 1 6 5 5 2 3 2 2 1 2 5 2 4 4 6 3,-32.30035152884982,70128
1,2,0 7 6 7 7 0 0 3 1 1 1 6 4 6 7 4 6 2 1 0 1 5 3 1 2 7 0 6,-31.805791727167165,50320
1,3,0 4 7 5 5 1 1 4 3 7 7 7 1 3 6 0 3 2 0 3 5 1 5 5 4 4 3 4,-30.83497775994537,43712
1,4,0 7 6 7 7 0 0 3 1 1 1 6 5 3 6 7 6 4 1 2 3 5 3 1 2 7 0 6,-31.63563444176587,78032
1,5,4 3 4 5 3 0 2 6 0 7 7 7 5 0 4 0 6 4 3 5 3 5 4 4 3 7 1 2,-31.08169043565755,61792
1,6,1 3 4 2 6 1 2 4 6 4 7 6 4 6 2 5 7 2 1 7 3 7 1 5 3 6 4 2,-31.668309204751974,128672
1,7,4 3 0 0 6 4 4 7 6 7 0 4 7 7 2 4 5 3 4 5 2 4 1 1 4 0 6 4,-30.718787016480103,54080
1,8,4 7 2 3 3 2 0 3 5 2 4 4 1 0 3 4 4 0 5 1 7 4 5 4 5 2 4 2,-28.892950556264047,45072
1,9,0 4 1 7 2 4 5 1 2 6 6 3 0 7 2 4 0 2 5 1 5 6 7 6 4 5 0 7,-30.76228795311595,60688
1,10,4 7 1 0 5 4 3 3 0 1 4 5 7 6 0 1 6 7 7 2 4 6 0 5 2 1 2 7,-31.38408944455931,93312
1,11,4 2 3 6 1 2 0 4 5 6 0 1 0 3 3 4 6 2 1 7 2 4 7 3 2 0 5 6,-30.82545513262982,82336
1,12,5 4 2 1 6 0 4 7 1 6 6 2 5 5 6 0 3 6 0 6 5 0 4 4 4 2 0 5,-31.43825887399564,153664
1,13,1 6 1 0 7 1 4 7 3 4 0 7 4 2 7 0 7 4 0 1 0 4 0 4 7 0 3 1,-31.530006454661784,219808
1,14,4 2 5 1 2 1 0 7 7 3 1 5 7 2 5 6 7 7 5 3 2 2 4 2 0 2 6 1,-30.127223919942708,58240
1,15,4 6 3 0 1 2 2 5 3 2 2 0 5 0 3 0 7 0 7 7 1 5 1 1 2 2 1 5,-30.753543958943684,140528
1,16,4 5 3 1 6 2 5 6 2 5 4 1 1 2 0 4 4 7 7 7 0 2 0 0 4 1 4 4,-30.585565273181032,88400
1,17,5 7 1 4 0 6 6 7 3 4 3 6 0 6 2 4 7 0 6 1 6 4 2 1 7 7 2 2,-31.436457663955046,195232
1,18,4 0 3 3 1 3 1 5 0 6 2 2 6 5 1 6 2 3 1 1 2 1 7 3 7 3 5 3,-31.034525959500407,163984
1,19,1 7 6 1 5 2 2 0 3 1 4 1 5 3 5 0 7 5 5 2 5 2 5 0 2 2 4 3,-31.46202281430909,326816
1,20,4 2 4 2 2 4 5 1 0 1 4 4 4 1 0 5 1 6 3 5 5 1 4 4 3 5 1 6,-29.174998577520334,59344
1,21,0 7 5 4 2 4 5 4 2 2 5 4 4 1 3 5 2 1 5 4 4 1 6 3 2 6 5 7,-29.85497307692501,83344
1,22,4 5 0 5 4 4 6 1 6 5 6 4 4 1 3 3 7 4 3 2 5 1 2 6 1 4 7 7,-30.280096989749346,90560
1,23,4 7 1 2 6 0 3 0 1 3 6 2 2 0 2 3 3 2 5 5 1 0 6 2 3 0 0 2,-30.51578427826692,102352
1,24,4 5 0 5 4 4 6 1 7 5 6 4 4 0 7 7 6 4 0 2 4 5 1 5 7 0 1 7,-30.36365443168239,100464
1,25,1 6 1 0 7 6 4 7 3 4 3 4 3 2 5 5 2 2 7 0 1 3 2 0 0 0 3 1,-31.101211394234785,277408
1,26,5 7 0 1 0 1 5 0 6 3 0 1 0 6 7 4 6 2 1 0 2 1 6 0 0 7 6 0,-31.310204957387988,288512
1,27,1 4 5 4 3 4 0 3 6 6 3 0 4 6 0 1 5 1 6 7 5 3 6 2 3 6 1 4,-30.799563624189698,262368
1,28,1 6 0 5 5 2 1 2 3 6 2 0 0 0 0 3 7 2 1 7 3 4 6 1 6 2 1 3,-31.437090971650907,337216
1,29,4 5 0 5 4 4 6 1 6 2 6 4 4 1 3 3 7 4 3 2 5 1 2 6 1 4 7 7,-29.94411425760992,96976
1,30,0 1 1 0 0 7 0 5 2 5 2 2 1 6 7 4 5 4 5 1 1 2 1 3 4 4 6 4,-28.89359748611909,93408
1,31,1 4 5 4 3 4 0 3 6 6 3 0 4 6 0 1 4 2 5 1 5 3 6 2 3 6 1 4,-30.458487756108916,239488
1,32,4 3 6 3 1 0 7 0 1 2 4 4 2 0 1 2 7 0 2 6 7 6 0 3 6 5 7 4,-30.45702800800903,146464
1,33,4 2 3 6 1 2 0 2 2 4 2 6 2 0 2 4 6 2 6 7 2 4 7 3 2 0 5 6,-29.95508606026231,104656
1,34,4 0 2 2 4 6 1 3 2 6 7 6 6 1 5 4 0 1 4 0 3 7 3 5 1 5 3 4,-30.1526643250798,128912
1,35,1 6 6 1 3 0 6 2 5 3 3 5 6 6 2 4 0 5 7 6 2 6 7 0 7 2 5 4,-30.758589528672246,272384
1,36,6 7 4 4 0 6 6 7 3 4 3 6 0 6 2 4 7 0 6 1 6 4 2 3 5 3 5 4,-31.296407832313516,599184
1,37,1 7 2 0 1 5 5 1 0 1 4 4 4 1 0 6 1 1 3 5 3 5 7 7 1 6 7 5,-31.29340940690597,378144
1,38,0 3 1 7 3 6 1 4 5 0 3 6 7 5 7 4 5 4 5 1 1 2 1 3 4 4 6 6,-29.760898361666925,101584
1,39,4 7 1 2 6 0 3 0 1 3 6 2 2 0 2 3 3 2 5 5 1 0 6 2 2 5 3 1,-30.42151163512644,149616
1,40,0 7 2 0 5 4 4 6 3 3 7 4 3 1 7 7 2 4 1 1 5 7 1 7 6 4 0 3,-30.437178969266906,152608
1,41,1 4 0 4 0 0 0 4 1 3 1 4 0 1 2 4 2 7 6 7 3 3 0 5 1 2 2 7,-30.65326593346757,310464
1,42,3 5 5 6 4 6 6 0 1 0 7 2 6 5 1 6 2 3 1 6 2 1 7 3 4 0 3 2,-31.29505916538,1772320
1,43,1 7 2 0 1 5 5 1 0 6 3 0 4 1 2 1 3 1 3 5 3 5 7 7 1 6 7 5,-31.290151039053644,427232
1,44,2 2 0 6 3 5 7 7 3 2 2 0 5 0 3 0 7 2 6 7 7 4 4 5 7 0 6 2,-30.951889795863025,398736
1,45,4 1 2 2 7 5 4 3 1 6 0 3 2 7 2 2 0 6 7 6 5 0 6 6 4 6 5 1,-29.697607303941272,105200
1,46,0 4 3 6 0 3 1 3 6 6 4 1 7 3 5 6 7 3 6 5 2 6 3 5 3 0 0 4,-29.72358845004062,110672
1,47,4 1 7 2 5 6 7 2 7 7 0 0 1 3 1 1 6 5 4 1 4 0 2 4 0 6 6 0,-30.25260690669429,161424
1,48,0 1 1 0 0 7 0 5 2 5 2 2 1 6 7 5 7 5 7 1 7 2 3 6 3 0 7 4,-29.73563095073925,159392
1,49,0 5 2 7 5 4 5 6 4 2 2 0 3 7 7 5 3 0 2 5 3 1 0 7 3 3 4 4,-30.335737697816267,169040
1,50,4 1 7 2 5 7 1 2 6 6 7 1 0 3 7 5 1 0 1 5 7 4 0 7 3 7 1 1,-30.351676235542588,216848
1,51,5 6 1 6 7 5 3 6 4 5 1 7 4 5 3 5 6 1 7 4 4 5 1 4 5 3 5 4,-30.406852878127783,346496
1,52,5 7 0 1 4 7 1 1 0 0 7 6 1 4 5 1 6 7 1 0 4 3 5 6 3 3 6 0,-30.408835759961356,363872
1,53,1 4 0 4 0 0 0 4 3 3 2 6 1 2 6 2 7 0 1 2 0 3 2 0 2 5 2 7,-30.648966206662887,372832
1,54,5 5 0 5 7 7 4 5 2 0 0 1 2 6 4 6 1 7 1 2 7 6 2 0 6 1 6 6,-31.261625307145927,430112
1,55,5 5 0 5 7 7 4 5 2 0 7 6 2 6 4 6 1 7 1 2 7 6 2 0 6 1 6 6,-30.867819178011274,402368
1,56,0 4 1 7 2 6 0 3 0 4 7 4 0 1 5 6 5 3 6 2 4 0 0 6 4 5 0 7,-28.14697751861467,110624
1,57,4 5 3 1 6 2 5 0 3 7 2 0 3 0 1 3 7 5 7 0 4 0 1 7 4 1 4 4,-29.38239411273809,143312
1,58,4 0 2 2 4 6 1 3 2 2 0 6 6 1 5 4 0 1 4 0 3 7 3 5 1 5 3 4,-29.66063168553568,148160
1,59,0 5 0 1 2 7 1 1 5 7 3 4 3 4 4 6 0 1 6 0 1 7 5 1 3 6 7 2,-29.105610059206533,116816
1,60,4 5 3 1 6 2 0 3 7 6 7 6 7 1 6 3 7 5 7 0 4 0 1 7 4 1 4 4,-29.12047905494756,139632
1,61,4 0 0 4 4 4 0 0 2 3 6 2 5 1 5 2 5 3 3 1 5 1 7 2 5 0 4 4,-29.93620399212151,162208
1,62,5 2 0 0 4 3 1 4 6 4 2 6 1 4 2 0 5 4 5 5 4 0 2 7 0 3 7 0,-30.07873681570018,179232
1,63,4 3 7 1 6 7 1 2 1 6 4 1 0 3 7 5 1 0 4 5 6 5 5 7 6 2 1 3,-30.093004369295556,204704
1,64,0 5 0 1 2 7 1 1 6 7 3 4 3 6 3 3 4 5 1 3 1 7 5 1 2 6 7 2,-29.94165625529011,170944
1,65,1 1 6 1 0 0 6 2 5 3 3 5 6 6 2 4 0 5 7 6 2 6 7 0 7 2 5 4,-30.187838115661798,272384
1,66,6 6 1 4 4 5 7 0 5 5 7 0 2 5 7 4 3 1 5 6 3 1 4 7 1 3 5 0,-31.230218440532386,613392
1,67,1 2 6 3 6 6 0 3 7 6 7 7 7 1 7 4 3 4 3 5 0 2 2 3 2 5 4 3,-30.922147574194476,518528
1,68,5 7 2 2 2 6 1 6 5 1 5 2 6 6 2 1 6 2 1 2 4 4 7 7 3 5 6 3,-31.13216855417119,562848
1,69,5 4 3 2 4 5 1 5 0 3 4 7 2 5 5 5 2 0 5 5 2 7 0 1 1 1 6 7,-30.20232505113235,426016
1,70,1 6 7 3 0 6 1 2 5 3 3 5 6 6 2 4 0 5 7 6 2 6 7 0 7 2 5 4,-30.764831383560537,470048
1,71,4 6 4 3 2 3 4 2 3 6 5 3 0 0 0 6 3 2 6 4 4 2 6 1 7 3 5 3,-28.988905001930316,120384
1,72,4 7 1 0 0 6 2 1 2 5 0 1 7 2 2 7 1 6 1 7 0 5 4 7 4 5 7 2,-29.316823765784665,164944
1,73,4 6 3 0 1 2 2 5 6 7 0 3 2 3 7 1 3 0 7 7 1 5 1 1 2 2 1 5,-29.61034848563829,166336
1,74,0 1 3 1 6 7 7 0 6 3 0 0 5 0 7 5 1 3 5 2 2 7 6 0 0 0 5 4,-30.006415940246388,182336
1,75,0 7 2 0 5 4 4 6 3 3 5 2 3 1 7 7 2 4 1 1 5 7 1 7 6 4 0 3,-30.020117344025895,209376
1,76,6 4 5 0 6 4 2 0 0 1 2 4 4 0 6 3 2 4 3 7 1 7 3 0 5 5 5 1,-30.174613395269592,362640
1,77,2 4 6 0 3 1 5 0 7 2 0 4 5 5 2 1 5 4 0 5 5 1 4 2 0 2 0 3,-31.14063398302434,757152
1,78,2 6 2 3 0 0 3 3 1 6 0 0 1 1 2 0 6 2 5 3 6 5 2 7 2 3 1 5,-31.189560624502604,982320
1,79,6 4 0 7 6 6 4 1 2 1 6 7 4 6 0 4 3 2 3 1 0 2 7 1 1 5 1 1,-31.130166774819937,636672
1,80,1 7 0 3 7 6 3 1 4 0 7 3 6 7 0 7 1 1 7 6 7 3 5 6 7 0 7 5,-30.7787908897706,563776
1,81,6 4 0 7 6 6 4 1 2 0 3 7 4 6 0 4 3 2 3 1 0 2 7 1 1 5 1 1,-31.075941432770833,579024
1,82,5 7 0 1 0 1 5 0 6 3 0 1 0 6 7 4 6 2 1 0 1 7 5 6 3 3 6 0,-30.257247064971853,518848
1,83,2 5 0 6 3 5 7 7 3 2 2 0 5 0 3 0 7 2 6 1 7 4 4 2 7 0 6 2,-30.670049859643818,536352
1,84,1 6 4 0 2 7 3 1 3 7 1 1 4 3 1 3 2 1 2 2 1 1 4 2 6 4 6 3,-30.215936638581976,512864
1,85,6 2 4 7 7 1 4 5 3 4 1 6 3 1 1 6 4 0 1 7 7 5 6 3 2 0 2 0,-31.0115529968541,945696
1,86,3 4 0 6 6 6 7 4 3 3 2 6 2 2 1 2 7 0 1 2 0 3 2 0 2 6 4 2,-30.87898801565666,920736
1,87,3 4 0 6 6 6 7 4 3 3 2 6 1 2 6 2 7 0 1 2 0 3 2 0 2 6 4 2,-31.063865277940625,1014880
1,88,2 6 2 3 0 0 3 3 3 4 1 0 1 1 2 0 6 2 5 3 6 5 3 7 2 3 1 5,-31.092968741320757,1032912
1,89,3 2 0 4 6 2 3 1 5 7 5 6 4 4 1 7 6 0 0 2 5 1 7 2 1 2 4 7,-30.77950604149843,900896
1,90,6 2 4 4 7 6 4 4 6 4 2 6 1 4 2 1 2 3 7 3 1 0 4 3 3 0 2 0,-30.740453203639554,684288
1,91,6 6 1 4 4 5 7 0 5 5 7 0 2 5 7 4 3 1 5 6 3 0 6 0 3 5 6 0,-30.73504461699942,602016
1,92,3 4 1 2 3 0 3 7 2 4 0 7 4 2 7 0 7 4 0 1 0 4 0 4 4 2 5 7,-30.73383241563305,597408
1,93,6 4 0 1 5 5 6 5 4 4 7 5 1 1 4 2 7 5 0 0 6 7 0 7 0 0 1 7,-30.697195819336468,596352
1,94,6 1 7 4 7 5 5 7 2 4 6 5 3 7 4 7 5 6 0 7 6 7 2 3 7 6 1 1,-30.77640271207082,818496
1,95,6 1 7 4 7 5 5 7 2 4 6 5 3 7 4 7 5 6 0 7 6 7 2 3 7 6 1 1,-30.77640271207082,818496
1,96,6 4 7 7 6 6 4 1 2 1 6 7 4 4 1 7 6 3 0 2 0 2 7 1 1 5 1 1,-30.607913193449928,537216
1,97,6 2 5 2 7 6 6 0 3 4 1 5 4 0 2 1 5 1 6 7 2 1 6 0 0 7 6 6,-30.15177015493615,461904
1,98,1 4 5 0 3 5 0 0 4 6 2 7 7 1 5 7 3 0 0 3 2 7 1 0 7 2 5 2,-29.99904644503403,391616
1,99,4 3 7 1 6 5 1 7 2 1 1 3 2 4 7 2 3 5 4 5 6 5 5 7 6 2 1 3,-29.92824877550674,194656
2,0,0 7 7 4 1 0 3 0 4 2 7 0 5 2 0 4 5 2 4 7 6 2 2 2 6 3 5 5,-31.244418405216916,42528
2,1,4 7 3 5 0 0 7 7 4 0 0 0 1 6 5 5 2 3 2 2 1 2 5 2 4 4 6 3,-32.30035152884982,70128
2,2,0 7 6 7 7 0 0 3 1 1 1 6 4 6 7 4 6 2 1 0 1 5 3 1 2 7 0 6,-31.805791727167165,50320
2,3,0 4 7 5 5 1 1 4 3 7 7 7 1 3 6 0 3 2 0 3 5 1 5 5 4 4 3 4,-30.83497775994537,43712
2,4,1 3 5 2 6 0 3 0 1 3 6 2 3 6 2 5 7 2 1 7 3 7 1 5 3 6 4 2,-31.933993005632892,267360
2,5,0 7 6 7 7 0 0 3 1 1 1 6 5 3 6 7 6 4 1 2 3 5 3 1 2 7 0 6,-31.63563444176587,78032
2,6,4 3 4 5 3 0 2 6 0 7 7 7 5 0 4 0 6 4 3 5 3 5 4 4 3 7 1 2,-31.08169043565755,61792
2,7,1 3 4 2 6 1 2 4 6 4 7 6 4 6 2 5 7 2 1 7 3 7 1 5 3 6 4 2,-31.668309204751974,128672
2,8,4 2 3 6 1 2 0 4 5 6 0 1 3 6 0 4 6 2 1 7 2 4 7 3 2 0 5 6,-31.0955681739756,77008
2,9,1 6 7 4 7 5 5 7 2 4 6 5 3 7 4 7 5 6 0 6 2 6 7 0 7 2 5 4,-31.706570812172668,232800
2,10,4 3 0 0 6 4 4 7 6 7 0 4 7 7 2 4 5 3 4 5 2 4 1 1 4 0 6 4,-30.718787016480103,54080
2,11,4 7 2 3 3 2 0 3 5 2 4 4 1 0 3 4 4 0 5 1 7 4 5 4 5 2 4 2,-28.892950556264047,45072
2,12,0 4 1 7 2 4 5 1 2 6 6 3 0 7 2 4 0 2 5 1 5 6 7 6 4 5 0 7,-30.76228795311595,60688
2,13,1 7 0 4 7 4 5 7 2 4 6 5 3 7 5 5 2 2 7 0 1 3 2 0 0 0 3 1,-31.72344637703969,282432
2,14,4 7 1 0 5 4 3 3 0 1 4 5 7 6 0 1 6 7 7 2 4 6 0 5 2 1 2 7,-31.38408944455931,93312
2,15,5 4 2 1 6 0 4 7 1 6 6 2 5 5 6 0 3 6 0 6 5 0 4 4 4 2 0 5,-31.43825887399564,153664
2,16,1 6 1 0 7 1 4 7 3 4 0 7 4 2 7 0 7 4 0 1 0 4 0 4 7 0 3 1,-31.530006454661784,219808
2,17,4 2 3 6 1 2 0 4 5 6 0 1 0 3 3 4 6 2 1 7 2 4 7 3 2 0 5 6,-30.82545513262982,82336
2,18,4 2 5 1 2 1 0 7 7 3 1 5 7 2 5 6 7 7 5 3 2 2 4 2 0 2 6 1,-30.127223919942708,58240
2,19,4 2 0 0 4 3 1 4 6 4 2 4 2 7 2 2 0 6 7 6 5 0 6 6 4 6 5 1,-28.771386591276123,45232
2,20,4 0 2 2 4 6 1 4 2 6 7 6 6 1 5 4 6 2 4 7 6 2 3 5 1 5 3 4,-30.57905620175014,65584
2,21,0 7 5 4 2 4 5 6 0 2 5 4 4 1 3 5 2 1 5 4 4 1 6 3 2 6 5 7,-30.75722015914251,82096
2,22,5 7 1 4 0 6 6 7 3 4 3 6 0 6 1 6 2 3 1 1 2 1 7 3 7 3 5 3,-31.644440057771018,323392
2,23,5 7 1 4 4 5 7 0 5 4 3 6 0 6 2 4 7 0 6 1 6 4 2 1 7 7 2 2,-31.085488507263648,133088
2,24,1 4 5 4 3 4 0 0 6 6 3 0 4 6 0 1 4 2 6 7 2 4 7 3 2 1 1 4,-31.059036214703013,101856
2,25,5 7 1 4 0 6 6 7 3 4 3 6 0 6 2 4 7 0 6 1 6 4 2 1 7 7 2 2,-31.436457663955046,195232
2,26,4 2 4 2 2 4 5 1 0 1 4 4 4 1 0 5 1 6 3 5 5 1 4 4 3 5 1 6,-29.174998577520334,59344
2,27,4 3 4 5 3 0 2 6 0 7 7 7 5 0 4 7 6 4 3 5 3 5 4 4 3 7 1 2,-30.072596988496052,62608
2,28,4 7 2 3 3 2 0 3 5 2 4 4 1 0 2 4 5 3 4 5 2 4 1 1 4 0 4 3,-30.185310568956613,67520
2,29,4 5 3 1 6 2 5 6 2 5 4 1 1 2 0 4 4 7 7 7 0 2 0 0 4 1 4 4,-30.585565273181032,88400
2,30,0 7 5 4 2 4 5 4 2 2 5 5 4 1 3 5 7 0 1 2 0 2 6 3 2 6 5 7,-30.19889067713255,83264
2,31,1 7 6 1 5 2 2 0 3 1 4 1 5 3 5 0 7 5 5 2 5 2 5 0 2 2 4 3,-31.46202281430909,326816
2,32,6 3 7 7 5 6 4 1 2 1 6 7 4 4 7 4 6 3 0 2 0 2 7 1 1 5 1 1,-31.601407974202143,1028208
2,33,4 0 3 3 1 3 1 5 0 6 2 2 6 5 1 6 2 3 1 1 2 1 7 3 7 3 5 3,-31.034525959500407,163984
2,34,4 2 5 1 0 7 0 5 2 5 2 2 6 6 7 4 6 4 5 1 1 3 1 2 0 2 6 1,-30.87080654074504,108736
2,35,5 2 0 0 4 3 1 4 6 4 2 6 1 4 2 0 7 4 0 1 0 4 0 4 4 2 5 7,-30.862923857745493,104960
2,36,4 1 3 7 6 6 4 1 2 1 6 7 4 6 0 4 3 2 3 1 0 2 7 1 1 5 2 1,-30.99636488097019,139456
2,37,1 6 1 0 7 6 4 7 3 4 3 4 3 2 5 5 2 2 7 0 1 3 2 0 0 0 3 1,-31.101211394234785,277408
2,38,5 7 0 1 0 1 5 0 6 3 0 1 0 6 7 4 6 2 1 0 2 1 6 0 0 7 6 0,-31.310204957387988,288512
2,39,1 6 1 0 6 6 4 1 2 1 6 7 4 4 1 0 7 4 0 1 0 4 0 4 7 0 3 1,-31.080300913683498,247872
2,40,4 5 0 5 4 4 6 1 6 5 6 4 4 1 3 3 7 4 3 2 5 1 2 6 1 4 7 7,-30.280096989749346,90560
2,41,4 7 1 2 6 0 3 0 1 3 6 2 2 0 2 3 3 2 5 5 1 0 6 2 3 0 0 2,-30.51578427826692,102352
2,42,4 5 0 5 4 4 6 1 7 5 6 4 4 0 7 7 6 4 0 2 4 5 1 5 7 0 1 7,-30.36365443168239,100464
2,43,0 7 5 4 2 4 5 4 2 2 5 4 4 1 3 5 2 1 5 4 4 1 6 3 2 6 5 7,-29.85497307692501,83344
2,44,1 6 0 5 5 2 1 2 3 6 2 0 0 0 0 3 7 2 1 7 3 4 6 1 6 2 1 3,-31.437090971650907,337216
2,45,1 6 0 5 5 2 1 2 3 6 2 0 0 0 0 3 7 2 1 7 3 4 6 1 6 2 1 3,-31.437090971650907,337216
2,46,2 6 2 3 7 1 3 3 4 4 1 0 1 1 2 0 5 2 5 3 6 5 3 7 2 3 1 5,-31.50763146662792,1042512
2,47,0 1 3 1 6 7 4 7 6 0 0 0 5 0 7 5 1 3 5 2 2 7 6 0 0 0 5 4,-30.716390728137622,118992
2,48,4 6 3 0 1 2 2 5 3 2 2 0 5 0 3 0 7 0 7 7 1 5 1 1 2 2 1 5,-30.753543958943684,140528
2,49,5 6 1 6 7 5 3 6 4 5 1 6 4 5 2 4 0 5 7 6 2 6 7 0 7 3 5 4,-30.964133792112822,238080
2,50,4 4 1 0 1 6 2 1 2 5 6 7 4 6 0 4 3 2 3 1 0 2 7 1 1 5 7 2,-30.880800136514875,155840
2,51,1 5 0 6 3 6 7 7 3 2 2 0 5 0 3 0 0 2 2 2 4 4 4 2 7 0 6 2,-31.096948445346555,334656
2,52,4 2 3 6 0 2 0 2 3 4 1 0 1 1 2 4 6 2 6 7 2 4 7 3 2 0 5 6,-30.190021288603955,92096
2,53,0 2 0 0 3 6 1 4 5 0 3 6 7 5 7 4 6 4 5 1 1 2 1 3 4 4 6 6,-29.948480757230886,90848
2,54,4 3 2 2 4 6 1 3 2 2 0 6 6 1 5 4 0 0 3 7 3 5 7 5 1 5 3 4,-30.07732483691734,92048
2,55,0 5 7 5 5 1 1 4 3 4 1 6 3 1 1 6 4 0 1 7 7 6 5 5 4 4 3 4,-30.244830988737622,108608
2,56,6 7 4 4 0 6 6 7 3 4 3 6 0 6 2 4 7 0 6 1 6 4 2 3 5 3 5 4,-31.296407832313516,599184
2,57,1 7 2 0 1 5 5 1 0 1 4 4 4 1 0 6 1 1 3 5 3 5 7 7 1 6 7 5,-31.29340940690597,378144
2,58,4 7 1 2 6 0 3 0 1 3 6 2 2 1 2 3 3 2 5 5 3 0 6 2 3 0 0 2,-30.551336022022447,124112
2,59,5 0 0 1 4 7 1 1 0 0 7 6 1 4 4 1 6 7 1 0 4 3 2 0 2 6 5 0,-30.69307893440589,132224
2,60,0 7 6 0 5 4 4 6 3 3 5 2 3 1 7 7 2 2 1 0 1 5 3 1 2 7 0 6,-30.8450422553499,185088
2,61,5 5 0 6 7 7 3 5 2 0 7 2 6 5 1 6 2 3 1 6 2 1 7 3 5 1 6 6,-30.879893633938195,364640
2,62,6 1 7 4 7 5 5 7 2 4 6 5 3 7 4 7 5 6 0 7 7 2 2 0 3 6 1 1,-30.939758394163665,376128
2,63,0 7 1 0 4 5 7 0 5 5 7 2 3 1 7 7 2 4 1 1 4 7 1 7 6 4 0 3,-30.112361316876463,99408
2,64,0 1 5 6 3 6 6 0 1 0 7 2 6 5 1 6 2 3 1 6 2 2 1 3 4 4 6 4,-30.14061596355296,104880
2,65,4 5 0 5 4 4 6 1 6 2 6 4 4 1 3 3 7 4 3 2 5 1 2 6 1 4 7 7,-29.94411425760992,96976
2,66,0 1 1 0 0 7 0 5 2 5 2 2 1 6 7 4 5 4 5 1 1 2 1 3 4 4 6 4,-28.89359748611909,93408
2,67,3 5 5 6 4 6 6 0 1 0 7 2 6 5 1 6 2 3 1 6 2 1 7 3 4 0 3 2,-31.29505916538,1772320
2,68,1 7 2 0 1 5 5 1 0 6 3 0 4 1 2 1 3 1 3 5 3 5 7 7 1 6 7 5,-31.290151039053644,427232
2,69,2 2 0 6 3 5 7 7 3 2 2 0 5 0 3 0 7 2 6 7 7 4 4 5 7 0 6 2,-30.951889795863025,398736
2,70,0 7 0 1 0 1 5 0 6 3 0 1 0 6 7 4 6 2 1 0 2 7 1 7 6 4 0 3,-30.44653538639772,124848
2,71,4 3 6 3 1 0 7 0 1 2 4 4 2 0 1 2 7 0 2 6 7 6 0 3 6 5 7 4,-30.45702800800903,146464
2,72,0 5 2 7 5 4 5 6 4 6 3 0 4 6 0 5 3 0 2 5 3 1 0 7 3 3 4 4,-30.568911866579136,168768
2,73,0 5 2 7 5 4 5 6 4 2 2 0 3 7 7 5 3 0 2 5 7 5 0 7 3 3 4 4,-30.647160282752655,169040
2,74,1 4 5 4 3 4 0 3 6 6 3 0 4 6 0 1 5 1 6 7 5 3 6 2 3 6 1 4,-30.799563624189698,262368
2,75,4 2 3 6 1 2 0 2 2 4 2 6 2 0 2 4 6 2 6 7 2 4 7 3 2 0 5 6,-29.95508606026231,104656
2,76,0 3 1 7 3 6 0 1 3 7 1 1 4 3 1 3 2 1 2 2 1 2 1 3 4 4 6 6,-30.051647629531228,108352
2,77,4 2 5 1 2 1 0 7 7 3 1 5 7 3 7 5 1 7 5 3 2 2 7 2 0 2 6 1,-29.883513132498667,100832
2,78,4 1 2 2 7 5 5 0 3 7 2 0 3 0 1 3 7 5 7 0 4 0 6 6 5 6 5 1,-29.518321540583695,99872
2,79,5 5 0 5 7 7 4 5 2 0 0 1 2 6 4 6 1 7 1 2 7 6 2 0 6 1 6 6,-31.261625307145927,430112
2,80,5 5 0 5 7 7 4 5 2 0 7 6 2 6 4 6 1 7 1 2 7 6 2 0 6 1 6 6,-30.867819178011274,402368
2,81,4 0 2 2 4 6 1 3 2 6 7 6 6 1 5 4 0 1 4 0 3 7 3 5 1 5 3 4,-30.1526643250798,128912
2,82,4 3 6 3 1 0 7 0 1 2 4 4 2 0 1 2 6 7 1 0 4 2 0 3 6 5 7 4,-30.297163720045255,134720
2,83,4 7 1 2 6 0 3 0 1 3 6 2 2 0 2 3 3 2 5 5 1 0 6 2 2 5 3 1,-30.42151163512644,149616
2,84,0 7 2 0 5 4 4 6 3 3 7 4 3 1 7 7 2 4 1 1 5 7 1 7 6 4 0 3,-30.437178969266906,152608
2,85,4 7 4 7 7 1 4 0 1 3 5 2 2 0 2 3 3 2 5 5 1 0 6 2 2 5 3 1,-30.495018178290756,171856
2,86,1 6 6 1 3 0 6 2 5 3 3 5 6 6 2 4 0 5 7 6 2 6 7 0 7 2 5 4,-30.758589528672246,272384
2,87,0 3 1 7 3 6 1 4 5 0 3 6 7 5 7 4 5 4 5 1 1 2 1 3 4 4 6 6,-29.760898361666925,101584
2,88,4 7 1 2 6 0 1 1 5 7 3 4 3 4 4 6 0 1 6 0 1 7 5 1 2 5 3 1,-29.394397429563536,101296
2,89,6 6 1 4 4 5 7 0 5 5 7 0 2 5 7 4 3 1 5 6 3 1 4 7 1 3 5 0,-31.230218440532386,613392
2,90,1 5 3 6 1 2 0 4 5 6 0 1 0 3 3 4 6 2 1 7 2 4 7 3 2 0 4 3,-31.15932694357608,466240
2,91,4 1 7 2 5 6 7 2 7 7 0 0 1 3 1 1 6 5 4 1 4 0 2 4 0 6 6 0,-30.25260690669429,161424
2,92,0 5 2 7 5 4 5 6 4 2 2 0 3 7 7 5 3 0 2 5 3 1 0 7 3 3 4 4,-30.335737697816267,169040
2,93,4 1 7 2 5 6 7 2 7 7 0 0 1 3 0 1 6 5 4 1 4 0 2 4 0 6 6 0,-30.25224874246364,157328
2,94,4 1 7 2 5 6 7 2 7 7 0 0 1 3 1 1 6 5 4 2 5 1 2 6 6 4 7 7,-30.48852275039055,182640
2,95,1 4 0 4 0 0 0 4 1 3 1 4 0 1 2 4 2 7 6 7 3 3 0 5 1 2 2 7,-30.65326593346757,310464
2,96,1 7 2 0 1 4 2 1 0 1 3 0 4 1 2 6 3 1 3 5 3 5 7 7 1 6 7 5,-30.756873984023965,436480
2,97,5 7 0 1 0 1 5 0 6 3 0 1 0 1 2 4 2 7 6 7 3 3 3 5 1 2 2 0,-30.66767207713722,355104
2,98,3 2 0 4 6 2 3 1 5 7 5 5 4 4 0 7 1 4 0 2 5 1 7 2 1 2 4 7,-31.22234066485542,765728
2,99,5 7 2 2 2 6 1 6 5 1 5 2 6 6 2 1 6 2 1 2 4 4 7 7 3 5 6 3,-31.13216855417119,562848
3,0,4 7 3 5 0 0 7 7 4 0 0 0 1 6 5 5 2 3 2 2 1 2 5 2 4 4 6 3,-32.30035152884982,70128
3,1,0 7 6 7 7 0 0 3 1 1 1 6 4 6 7 4 6 2 1 0 1 5 3 1 2 7 0 6,-31.805791727167165,50320
3,2,0 2 0 1 6 0 3 0 0 3 6 2 3 6 2 5 7 2 1 7 3 7 1 5 3 7 6 6,-31.856435264042467,52768
3,3,4 7 3 5 0 0 7 7 4 0 0 0 1 6 5 5 1 3 2 2 1 2 5 2 4 4 6 3,-32.22758800310692,70128
3,4,4 3 0 0 6 4 4 7 6 7 0 4 6 7 0 3 4 3 4 5 2 4 1 1 4 0 6 4,-30.89841414951107,27632
3,5,4 3 4 5 3 0 2 6 0 7 7 7 4 6 2 5 7 2 1 7 3 7 0 5 3 6 4 2,-31.34642693702043,27648
3,6,1 3 5 2 6 0 3 0 1 3 6 2 3 6 2 5 7 2 1 7 3 7 1 5 3 6 4 2,-31.933993005632892,267360
3,7,0 7 6 7 7 0 0 3 1 1 1 6 5 3 6 7 6 4 1 2 3 5 3 1 2 7 0 6,-31.63563444176587,78032
3,8,1 3 4 2 6 1 2 4 6 4 7 6 4 6 2 5 7 2 1 7 3 7 1 5 3 6 4 2,-31.668309204751974,128672
3,9,1 6 7 4 7 5 5 7 2 4 6 5 3 7 4 7 5 6 0 6 2 6 7 0 7 2 5 4,-31.706570812172668,232800
3,10,1 7 0 4 7 4 5 7 2 7 7 2 6 7 5 5 2 2 7 0 1 3 2 0 0 0 3 1,-31.720970894072924,245440
3,11,1 6 1 0 5 4 4 6 3 6 2 3 0 0 0 3 7 2 1 7 3 4 6 1 6 2 1 3,-32.030903342024445,287808
3,12,0 7 7 4 1 0 3 0 4 2 7 0 5 2 0 4 5 2 4 7 6 2 2 2 6 3 5 5,-31.244418405216916,42528
3,13,4 5 0 5 4 7 2 6 0 7 7 7 5 0 4 7 6 4 3 5 5 1 2 6 1 4 7 7,-29.542792187986297,39120
3,14,1 7 0 4 7 4 5 7 2 4 6 5 3 7 5 5 2 2 7 0 1 3 2 0 0 0 3 1,-31.72344637703969,282432
3,15,1 3 4 2 6 1 2 5 0 0 4 4 4 1 0 6 7 2 1 7 3 7 1 5 3 6 4 2,-31.405044829123742,84128
3,16,5 4 2 1 6 0 4 7 1 6 6 2 5 5 6 0 3 6 0 6 5 0 4 4 4 2 0 5,-31.43825887399564,153664
3,17,1 6 1 0 7 1 4 7 3 4 0 7 4 2 7 0 7 4 0 1 0 4 0 4 7 0 3 1,-31.530006454661784,219808
3,18,1 7 0 4 7 4 5 6 3 6 2 0 0 0 0 3 7 2 1 7 1 3 2 3 3 0 3 1,-31.767653506021038,461600
3,19,0 4 7 5 5 1 1 4 3 7 7 7 1 3 6 0 3 2 0 3 5 1 5 5 4 4 3 4,-30.83497775994537,43712
3,20,0 4 7 5 5 1 1 4 2 6 0 1 0 3 6 0 3 2 0 3 5 1 5 5 4 4 3 4,-31.23060714976899,43808
3,21,5 7 1 4 0 6 6 7 3 4 3 6 0 6 1 6 2 3 1 1 2 1 7 3 7 3 5 3,-31.644440057771018,323392
3,22,4 7 1 0 5 4 3 3 0 1 4 5 7 6 0 1 6 7 7 2 4 6 0 5 2 1 2 7,-31.38408944455931,93312
3,23,5 7 1 4 0 6 6 7 3 4 3 6 0 6 2 4 7 0 6 1 6 4 2 1 7 7 2 2,-31.436457663955046,195232
3,24,6 3 7 7 5 6 4 1 2 0 6 2 3 6 2 4 6 3 0 2 0 2 7 1 1 5 1 1,-31.758901977265676,1141104
3,25,4 3 4 5 3 0 2 6 0 7 7 7 5 0 4 0 6 4 3 5 3 5 4 4 3 7 1 2,-31.08169043565755,61792
3,26,4 2 3 6 1 2 0 4 5 6 0 1 3 6 0 4 6 2 1 7 2 4 7 3 2 0 5 6,-31.0955681739756,77008
3,27,4 7 2 3 3 2 0 3 5 2 4 4 1 0 3 4 4 0 5 1 7 4 5 4 5 2 4 2,-28.892950556264047,45072
3,28,4 5 2 1 6 2 5 6 2 5 4 1 1 2 0 4 4 6 2 3 0 2 0 0 4 1 4 4,-30.901333095948303,60880
3,29,4 7 2 3 3 2 5 1 1 2 4 4 1 0 3 4 4 0 5 1 7 4 5 4 5 2 4 2,-28.927813700065617,51488
3,30,0 3 1 7 3 6 1 4 5 0 3 7 0 0 0 3 7 2 1 7 3 4 6 1 6 2 1 6,-30.871466726576674,52384
3,31,1 7 6 1 5 2 2 0 3 1 4 1 5 3 5 0 7 5 5 2 5 2 5 0 2 2 4 3,-31.46202281430909,326816
3,32,6 3 7 7 5 6 4 1 2 1 6 7 4 4 7 4 6 3 0 2 0 2 7 1 1 5 1 1,-31.601407974202143,1028208
3,33,1 7 6 1 5 2 2 0 1 0 7 2 6 5 1 6 2 3 1 6 2 2 5 0 2 3 4 3,-31.54272993524095,436864
3,34,4 0 3 3 1 3 1 7 3 1 4 1 5 4 5 0 7 5 5 2 5 2 5 0 2 2 5 3,-31.103194315228496,98576
3,35,5 7 1 4 0 6 6 7 0 4 3 6 0 6 5 4 7 0 6 1 6 4 2 1 0 7 2 1,-31.277761062716177,151104
3,36,5 7 0 1 0 1 5 0 6 3 0 1 0 6 7 4 6 2 1 0 2 1 6 0 0 7 6 0,-31.310204957387988,288512
3,37,7 3 7 7 5 6 4 1 1 1 6 7 4 4 7 4 6 3 0 2 2 4 1 1 4 5 1 1,-31.69033511376744,1817312
3,38,0 7 6 7 7 5 7 3 1 1 1 6 5 3 6 7 6 4 1 3 3 5 3 1 2 7 0 6,-31.014022945129586,78032
3,39,4 2 0 0 4 3 1 4 6 4 2 4 2 7 2 2 0 6 7 6 5 0 6 6 4 6 5 1,-28.771386591276123,45232
3,40,4 3 0 0 6 4 4 7 6 7 0 4 7 7 2 4 5 3 4 5 2 4 1 1 4 0 6 4,-30.718787016480103,54080
3,41,0 4 1 7 2 4 5 1 2 6 6 3 0 7 2 4 0 2 5 1 5 6 7 6 4 5 0 7,-30.76228795311595,60688
3,42,0 4 1 7 2 4 5 5 2 6 6 3 0 7 2 4 0 2 5 2 4 4 7 6 4 5 0 7,-30.764181565660447,77328
3,43,1 6 0 5 5 2 1 2 3 6 2 0 0 0 0 3 7 2 1 7 3 4 6 1 6 2 1 3,-31.437090971650907,337216
3,44,1 6 0 5 5 2 1 2 3 6 2 0 0 0 0 3 7 2 1 7 3 4 6 1 6 2 1 3,-31.437090971650907,337216
3,45,2 6 2 3 7 1 3 3 4 4 1 0 1 1 2 0 5 2 5 3 6 5 3 7 2 3 1 5,-31.50763146662792,1042512
3,46,6 3 0 7 5 6 4 1 2 1 6 7 2 1 2 3 6 3 0 2 0 2 7 1 1 5 1 1,-31.478614416755647,1037568
3,47,5 7 1 4 4 5 7 0 5 4 3 6 0 6 2 4 7 0 6 1 6 4 2 1 7 7 2 2,-31.085488507263648,133088
3,48,1 4 5 4 3 4 0 0 6 6 3 0 4 6 0 1 4 2 6 7 2 4 7 3 2 1 1 4,-31.059036214703013,101856
3,49,1 6 1 0 7 6 4 7 3 4 3 4 3 2 5 5 2 2 7 0 1 3 2 0 0 0 3 1,-31.101211394234785,277408
3,50,4 2 3 6 1 2 0 4 5 6 0 1 0 3 3 4 6 2 1 7 2 4 7 3 2 0 5 6,-30.82545513262982,82336
3,51,4 2 5 1 2 1 0 7 7 3 1 5 7 2 5 6 7 7 5 3 2 2 4 2 0 2 6 1,-30.127223919942708,58240
3,52,0 0 1 7 3 6 0 1 0 3 1 1 4 3 1 3 2 1 2 2 1 2 1 3 4 4 1 6,-30.513728261030582,58432
3,53,4 2 5 1 2 6 6 7 3 4 3 6 0 6 2 4 7 0 6 2 6 5 4 2 0 2 6 1,-30.67768519989742,65344
3,54,0 7 5 4 2 4 5 6 0 2 5 4 4 1 3 5 2 1 5 4 4 1 6 3 2 6 5 7,-30.75722015914251,82096
3,55,1 7 2 0 1 5 5 1 0 1 4 4 4 1 0 6 1 1 3 5 3 5 7 7 1 6 7 5,-31.29340940690597,378144
3,56,6 6 1 4 3 5 7 0 5 5 7 0 2 5 7 4 5 6 0 7 7 1 4 7 1 3 5 0,-31.36229139968881,540192
3,57,2 6 2 3 7 1 3 3 4 6 0 0 1 1 2 0 5 2 5 3 6 5 3 7 2 3 1 5,-31.4963215115561,1047216
3,58,1 6 1 0 6 6 4 1 2 1 6 7 4 4 1 0 7 4 0 1 0 4 0 4 7 0 3 1,-31.080300913683498,247872
3,59,4 0 3 3 1 3 1 5 0 6 2 2 6 5 1 6 2 3 1 1 2 1 7 3 7 3 5 3,-31.034525959500407,163984
3,60,4 2 5 1 0 7 0 5 2 5 2 2 6 6 7 4 6 4 5 1 1 3 1 2 0 2 6 1,-30.87080654074504,108736
3,61,5 2 0 0 4 3 1 4 6 4 2 6 1 4 2 0 7 4 0 1 0 4 0 4 4 2 5 7,-30.862923857745493,104960
3,62,1 6 5 4 2 4 5 4 2 2 5 5 4 1 0 5 7 5 1 7 3 4 6 1 6 2 1 3,-30.996947851107524,109536
3,63,1 5 0 6 3 6 7 7 3 2 2 0 5 0 3 0 0 2 2 2 4 4 4 2 7 0 6 2,-31.096948445346555,334656
3,64,1 7 0 4 0 0 2 1 0 3 1 4 0 1 2 4 2 7 6 7 3 0 0 5 1 2 2 7,-31.082626963802337,310176
3,65,0 7 0 1 0 1 2 0 6 3 0 1 0 6 7 4 5 2 1 0 1 5 3 1 2 4 0 3,-30.774315153136264,90976
3,66,4 2 4 2 2 4 5 1 0 1 4 4 4 1 0 5 1 6 3 5 5 1 4 4 3 5 1 6,-29.174998577520334,59344
3,67,4 7 1 2 6 0 1 1 5 7 3 4 3 4 4 6 0 1 5 1 7 4 5 4 5 2 3 1,-28.971021693500365,58688
3,68,4 5 0 5 4 4 6 1 6 2 6 4 4 1 2 1 3 4 3 2 5 1 2 6 1 4 7 7,-30.365865002808338,60656
3,69,4 0 2 2 4 6 1 4 2 6 7 6 6 1 5 4 6 2 4 7 6 2 3 5 1 5 3 4,-30.57905620175014,65584
3,70,4 5 3 1 6 2 5 6 2 5 4 1 1 2 0 4 4 7 7 7 0 2 0 0 4 1 4 4,-30.585565273181032,88400
3,71,1 7 2 0 1 5 5 1 0 6 3 0 4 1 2 1 3 1 3 5 3 5 7 7 1 6 7 5,-31.290151039053644,427232
3,72,1 6 7 5 7 5 5 7 2 4 0 0 0 7 4 6 5 6 7 6 2 6 7 0 7 2 5 4,-31.16951175250927,412096
3,73,6 7 4 4 0 6 6 7 3 4 3 6 0 6 2 4 7 0 6 1 6 4 2 3 5 3 5 4,-31.296407832313516,599184
3,74,5 6 1 6 7 5 3 6 4 4 6 5 2 0 2 3 4 5 7 6 2 6 7 0 7 3 5 4,-31.060165716404885,255168
3,75,4 1 3 7 6 6 4 1 2 1 6 7 4 6 0 4 3 2 3 1 0 2 7 1 1 5 2 1,-30.99636488097019,139456
3,76,0 1 3 1 6 7 4 7 6 0 0 0 5 0 7 5 1 3 5 2 2 7 6 0 0 0 5 4,-30.716390728137622,118992
3,77,4 3 4 5 3 0 2 6 0 7 7 7 5 0 4 7 6 4 3 5 3 5 4 4 3 7 1 2,-30.072596988496052,62608
3,78,0 2 0 0 4 7 1 1 0 0 7 6 1 4 4 1 6 7 1 0 6 2 1 3 4 4 6 6,-30.225242037039433,64560
3,79,0 1 3 5 7 7 4 5 2 0 7 7 2 6 4 6 1 7 1 2 6 1 2 0 7 0 5 4,-30.39272303391542,83760
3,80,4 3 2 6 7 6 1 2 2 2 0 6 6 1 5 4 0 0 3 7 3 5 7 5 1 5 3 4,-30.54575284098764,90672
3,81,5 5 0 5 7 7 4 5 2 0 0 1 2 6 4 6 1 7 1 2 7 6 2 0 6 1 6 6,-31.261625307145927,430112
3,82,3 5 5 6 4 6 6 0 1 0 7 2 6 5 1 6 2 3 1 6 2 1 7 3 4 0 3 2,-31.29505916538,1772320
3,83,3 2 0 4 6 2 3 0 5 5 7 0 2 5 7 4 3 1 5 6 2 1 7 2 1 2 4 7,-31.280706791216573,1208288
3,84,4 6 3 0 1 2 2 5 3 2 2 0 5 0 3 0 7 0 7 7 1 5 1 1 2 2 1 5,-30.753543958943684,140528
3,85,5 6 1 6 7 5 3 6 4 5 1 6 4 5 2 4 0 5 7 6 2 6 7 0 7 3 5 4,-30.964133792112822,238080
3,86,4 4 1 0 1 6 2 1 2 5 6 7 4 6 0 4 3 2 3 1 0 2 7 1 1 5 7 2,-30.880800136514875,155840
3,87,4 1 7 2 5 6 7 2 7 7 0 0 6 2 2 5 7 3 1 7 3 7 1 4 0 6 5 0,-30.919524311172854,163200
3,88,4 4 1 0 1 6 2 1 2 5 7 4 3 6 0 4 3 2 3 1 0 2 7 1 1 5 7 2,-30.865218555269628,143280
3,89,1 6 7 4 7 5 5 7 2 4 6 5 3 7 4 7 6 2 4 7 6 2 3 5 6 5 2 4,-30.95480137051298,200032
3,90,4 7 1 2 6 0 3 0 1 3 6 2 2 1 2 3 3 2 5 5 3 0 6 2 3 0 0 2,-30.551336022022447,124112
3,91,5 0 0 1 4 7 1 1 0 0 7 6 1 4 4 1 6 7 1 0 4 3 2 0 2 6 5 0,-30.69307893440589,132224
3,92,0 5 5 4 2 4 2 4 2 2 5 5 4 1 3 6 5 0 1 7 7 6 5 5 4 4 3 4,-29.685198750856358,62640
3,93,4 7 2 3 3 2 0 3 5 2 4 4 1 0 2 4 5 3 4 5 2 4 1 1 4 0 4 3,-30.185310568956613,67520
3,94,0 7 5 4 2 4 5 4 2 2 5 5 4 1 3 5 7 0 1 2 0 2 6 3 2 6 5 7,-30.19889067713255,83264
3,95,4 5 0 5 4 4 6 1 6 5 6 4 4 1 3 3 7 4 3 2 5 1 2 6 1 4 7 7,-30.280096989749346,90560
3,96,0 5 2 7 5 4 5 6 4 2 2 0 3 7 7 5 3 0 2 5 1 2 1 3 4 4 4 4,-30.527233593032697,93360
3,97,6 6 1 4 4 5 7 0 5 5 7 0 2 5 7 4 3 1 5 6 3 1 4 7 1 3 5 0,-31.230218440532386,613392
3,98,2 2 0 6 3 5 7 7 3 2 2 0 5 0 3 0 7 2 6 7 7 4 4 5 7 0 6 2,-30.951889795863025,398736
3,99,6 1 7 4 7 5 5 7 2 4 6 5 3 7 4 7 5 6 0 7 7 2 2 0 3 6 1 1,-30.939758394163665,376128
4,0,4 7 3 5 0 0 7 7 4 0 0 0 1 6 5 5 2 3 2 2 1 2 5 2 4 4 6 3,-32.30035152884982,70128
4,1,0 7 6 7 7 0 0 3 1 1 1 6 4 6 7 4 6 2 1 0 1 5 3 1 2 7 0 6,-31.805791727167165,50320
4,2,0 2 0 1 6 0 3 0 0 3 6 2 3 6 2 5 7 2 1 7 3 7 1 5 3 7 6 6,-31.856435264042467,52768
4,3,4 7 3 5 0 0 7 7 4 0 0 0 1 6 5 5 1 3 2 2 1 2 5 2 4 4 6 3,-32.22758800310692,70128
4,4,4 3 0 0 6 4 4 7 6 7 0 4 6 7 0 3 4 3 4 5 2 4 1 1 4 0 6 4,-30.89841414951107,27632
4,5,4 3 4 5 3 0 2 6 0 7 7 7 4 6 2 5 7 2 1 7 3 7 0 5 3 6 4 2,-31.34642693702043,27648
4,6,4 2 4 2 2 4 5 1 0 1 4 4 4 1 0 4 7 6 2 3 0 2 0 7 4 1 1 6,-30.42183780129501,25088
4,7,0 7 6 7 7 0 0 3 1 1 1 6 5 3 6 7 6 4 1 2 3 5 3 1 2 7 0 6,-31.63563444176587,78032
4,8,1 3 4 2 6 1 2 4 6 4 7 6 4 6 2 5 7 2 1 7 3 7 1 5 3 6 4 2,-31.668309204751974,128672
4,9,1 7 0 4 7 4 5 7 2 0 7 2 0 7 5 5 2 2 7 0 1 3 2 0 0 0 0 1,-32.06762596549004,147136
4,10,0 7 7 4 1 0 3 0 4 2 7 0 5 2 0 4 5 2 4 7 6 2 2 2 6 3 5 5,-31.244418405216916,42528
4,11,4 5 2 0 7 4 5 7 2 4 6 5 3 2 0 4 4 6 2 3 0 2 0 0 4 1 4 4,-30.854888521672198,29440
4,12,1 3 4 2 6 1 2 5 0 0 4 4 4 1 0 6 7 2 1 7 3 7 1 5 3 6 4 2,-31.405044829123742,84128
4,13,0 7 0 1 7 1 2 0 6 3 0 1 0 6 7 4 5 2 1 0 1 5 3 1 2 5 0 3,-31.47681387774335,87344
4,14,1 3 5 2 6 0 3 0 1 3 6 2 3 6 2 5 7 2 1 7 3 7 1 5 3 6 4 2,-31.933993005632892,267360
4,15,1 6 7 4 7 5 5 7 2 4 6 5 3 7 4 7 5 6 0 6 2 6 7 0 7 2 5 4,-31.706570812172668,232800
4,16,1 7 0 4 7 4 5 7 2 7 7 2 6 7 5 5 2 2 7 0 1 3 2 0 0 0 3 1,-31.720970894072924,245440
4,17,1 6 1 0 5 4 4 6 3 6 2 3 0 0 0 3 7 2 1 7 3 4 6 1 6 2 1 3,-32.030903342024445,287808
4,18,1 6 1 0 7 1 4 7 3 4 0 7 4 2 7 0 7 4 0 1 0 4 0 4 7 0 3 1,-31.530006454661784,219808
4,19,5 7 1 4 0 6 6 7 0 4 3 6 3 6 0 4 7 0 6 1 6 4 2 1 0 7 2 1,-31.479461913611313,219808
4,20,1 3 5 2 6 0 3 0 1 3 6 2 3 6 2 4 6 2 1 7 2 4 7 3 2 0 5 5,-31.95470212555298,271328
4,21,0 4 7 5 5 1 1 4 2 6 0 1 0 3 6 0 3 2 0 3 5 1 5 5 4 4 3 4,-31.23060714976899,43808
4,22,0 4 7 5 5 1 1 4 3 7 7 7 1 3 6 0 3 2 0 3 5 1 5 5 4 4 3 4,-30.83497775994537,43712
4,23,4 2 0 0 4 3 1 6 2 5 4 1 1 2 0 4 4 7 7 6 5 0 6 6 4 6 5 1,-30.09155975271751,36320
4,24,4 5 0 5 0 2 0 4 5 6 0 1 0 3 4 4 6 2 1 7 2 4 7 3 2 1 5 7,-30.72849772960859,36960
4,25,5 4 2 1 6 0 4 7 1 6 6 2 5 5 6 0 3 6 0 6 5 0 4 4 4 2 0 5,-31.43825887399564,153664
4,26,4 7 1 0 5 4 3 3 0 1 4 5 7 6 0 1 6 7 7 2 4 6 0 5 2 1 2 7,-31.38408944455931,93312
4,27,4 0 3 3 1 3 1 7 3 1 7 6 6 4 2 0 7 4 0 2 2 4 1 1 4 5 1 3,-31.43189400314466,109008
4,28,1 1 0 5 5 2 4 5 2 0 0 0 0 0 0 3 7 2 1 7 3 4 6 1 6 2 1 3,-31.446160648551103,186592
4,29,1 7 0 4 7 4 5 7 2 7 7 2 4 1 3 5 7 0 1 2 0 2 6 3 0 0 3 1,-31.688814811559446,258656
4,30,1 7 0 4 7 4 5 7 2 4 6 5 3 7 5 5 2 2 7 0 1 3 2 0 0 0 3 1,-31.72344637703969,282432
4,31,1 7 0 4 7 4 5 6 3 6 2 3 0 0 0 4 7 2 1 7 1 3 2 3 3 0 2 7,-31.918860188904887,509696
4,32,2 6 2 3 7 1 3 3 4 6 3 0 4 6 0 1 4 2 6 7 2 4 7 3 2 1 1 5,-31.81085774811192,303696
4,33,4 7 1 2 6 0 3 0 1 3 6 2 3 6 2 5 7 2 1 7 3 7 6 2 3 0 0 5,-31.19474904053786,77344
4,34,4 4 3 1 6 2 5 6 0 2 5 4 4 1 3 5 2 1 4 7 0 2 0 0 4 1 4 4,-31.12478199327406,47184
4,35,0 4 7 5 5 1 1 4 3 7 6 0 0 0 6 0 3 2 0 3 5 1 5 5 4 4 3 4,-30.92871493311576,43984
4,36,4 5 0 5 4 7 2 6 0 7 7 7 5 0 4 7 6 4 3 5 5 1 2 6 1 4 7 7,-29.542792187986297,39120
4,37,4 5 0 5 4 7 2 6 0 7 7 7 5 0 4 7 6 4 3 5 5 1 2 6 1 4 6 7,-29.501848936980057,37584
4,38,1 6 5 0 1 5 5 1 0 6 3 0 4 7 4 7 6 2 4 7 6 2 3 5 6 5 2 4,-31.298242694258768,144800
4,39,5 7 1 4 0 6 6 7 3 4 3 6 0 6 2 4 7 0 6 1 6 4 2 1 7 7 2 2,-31.436457663955046,195232
4,40,6 1 1 4 4 5 7 0 5 5 6 7 4 4 1 0 7 4 0 1 0 4 0 4 7 0 2 0,-31.490879648742503,265488
4,41,1 7 0 4 7 4 5 7 2 7 7 2 6 7 5 4 5 3 4 5 2 4 1 1 0 0 3 1,-31.619441737780928,274816
4,42,1 7 0 4 7 4 5 6 3 6 2 0 0 0 0 3 7 2 1 7 1 3 2 3 3 0 3 1,-31.767653506021038,461600
4,43,5 7 1 4 0 6 6 7 3 4 3 6 0 6 1 6 2 3 1 1 2 1 7 3 7 3 5 3,-31.644440057771018,323392
4,44,5 6 1 6 7 5 3 6 5 6 3 0 4 6 0 1 4 2 6 7 2 5 7 0 7 3 5 4,-31.177413026264123,78016
4,45,4 3 4 5 3 0 2 6 0 7 7 7 5 0 4 0 6 4 3 5 3 5 4 4 3 7 1 2,-31.08169043565755,61792
4,46,4 2 3 6 1 2 0 4 5 6 0 1 3 6 0 4 6 2 1 7 2 4 7 3 2 0 5 6,-31.0955681739756,77008
4,47,4 5 0 5 4 4 6 1 6 3 1 0 1 1 2 0 3 4 3 2 5 6 2 5 1 4 7 7,-31.016069999085154,55056
4,48,0 3 1 7 3 6 1 4 5 0 3 7 0 0 0 3 7 2 1 7 3 4 6 1 6 2 1 6,-30.871466726576674,52384
4,49,0 2 0 1 6 0 3 6 2 1 6 7 4 6 0 4 3 2 1 7 3 7 1 5 3 7 6 6,-30.790914416174598,51680
4,50,0 7 5 4 2 4 5 6 0 2 5 4 4 1 3 5 2 1 5 4 4 1 4 7 2 3 1 7,-30.708727516954628,47632
4,51,4 7 2 3 3 2 0 3 5 2 4 4 1 0 3 4 4 0 5 1 7 4 5 4 5 2 4 2,-28.892950556264047,45072
4,52,5 7 1 4 0 6 6 7 0 4 3 6 0 6 5 4 7 0 6 1 6 4 2 1 0 7 2 1,-31.277761062716177,151104
4,53,5 7 1 4 0 6 6 7 0 4 3 7 4 2 7 0 7 4 0 1 1 4 0 5 0 7 2 1,-31.349936789731714,200256
4,54,6 3 7 7 5 6 4 1 2 0 6 2 3 6 2 4 6 3 0 2 0 2 7 1 1 5 1 1,-31.758901977265676,1141104
4,55,1 7 6 1 5 2 2 0 3 1 4 1 5 3 5 0 7 5 5 2 5 2 5 0 2 2 4 3,-31.46202281430909,326816
4,56,6 3 7 7 5 6 4 1 2 1 6 7 4 4 7 4 6 3 0 2 0 2 7 1 1 5 1 1,-31.601407974202143,1028208
4,57,1 7 6 1 5 2 2 0 1 0 7 2 6 5 1 6 2 3 1 6 2 2 5 0 2 3 4 3,-31.54272993524095,436864
4,58,1 6 1 0 7 6 4 7 3 5 1 6 5 3 5 5 2 2 7 0 1 3 2 0 0 0 3 1,-31.413425427451266,324448
4,59,4 0 3 3 1 3 1 7 3 1 4 1 5 4 5 0 7 5 5 2 5 2 5 0 2 2 5 3,-31.103194315228496,98576
4,60,4 5 2 1 6 2 5 6 2 5 4 1 1 2 0 4 4 6 2 3 0 2 0 0 4 1 4 4,-30.901333095948303,60880
4,61,0 7 6 7 7 5 7 3 1 1 1 6 5 3 6 7 6 4 1 3 3 5 3 1 2 7 0 6,-31.014022945129586,78032
4,62,0 7 6 7 7 5 7 3 1 1 1 6 5 3 6 7 6 4 1 3 3 5 3 1 2 7 0 6,-31.014022945129586,78032
4,63,4 3 0 0 6 4 4 7 6 7 0 4 7 7 2 4 5 3 4 5 2 4 1 1 4 0 6 4,-30.718787016480103,54080
4,64,0 4 1 7 2 4 5 1 2 6 6 3 0 7 2 4 0 2 5 1 5 6 7 6 4 5 0 7,-30.76228795311595,60688
4,65,4 7 1 2 6 0 1 1 4 4 1 5 2 0 2 1 0 1 5 1 0 4 5 4 5 2 3 1,-30.719732061542565,55184
4,66,4 7 2 3 3 2 5 1 1 2 4 4 1 0 3 4 4 0 5 1 7 4 5 4 5 2 4 2,-28.927813700065617,51488
4,67,4 7 2 3 3 2 1 3 5 2 4 7 4 6 2 5 7 3 5 1 7 4 5 4 5 2 4 2,-30.356178233980295,51616
4,68,4 2 0 0 4 3 1 4 6 4 2 4 2 7 2 2 0 6 7 6 5 0 6 6 4 6 5 1,-28.771386591276123,45232
4,69,4 2 1 6 7 5 3 6 4 4 2 4 2 7 2 2 0 6 7 6 5 0 6 6 4 6 5 1,-28.794870199242617,49360
4,70,4 1 3 7 6 6 4 1 2 1 1 7 4 6 1 0 3 2 0 3 7 2 7 1 1 5 2 1,-31.226392407574544,159120
4,71,1 7 2 3 3 2 4 7 3 4 0 7 4 2 7 0 7 4 0 1 0 4 0 4 7 0 3 1,-31.333465244342104,236192
4,72,1 6 7 5 7 5 5 7 2 4 0 0 0 7 4 6 4 2 5 5 3 0 7 0 7 2 5 4,-31.235667122988595,224640
4,73,7 3 7 7 5 6 4 1 1 1 6 7 4 4 7 4 6 3 0 2 2 4 1 1 4 5 1 1,-31.69033511376744,1817312
4,74,1 6 0 5 5 2 1 2 3 6 2 0 0 0 0 3 7 2 1 7 3 4 6 1 6 2 1 3,-31.437090971650907,337216
4,75,1 6 0 5 5 2 1 2 3 6 2 0 0 0 0 3 7 2 1 7 3 4 6 1 6 2 1 3,-31.437090971650907,337216
4,76,2 6 2 3 7 1 3 3 4 4 1 0 1 1 2 0 5 2 5 3 6 5 3 7 2 3 1 5,-31.50763146662792,1042512
4,77,6 3 0 7 5 6 4 1 2 1 6 7 2 1 2 3 6 3 0 2 0 2 7 1 1 5 1 1,-31.478614416755647,1037568
4,78,1 6 1 0 5 4 4 6 2 5 7 0 2 5 7 3 7 2 1 7 3 4 6 1 6 5 1 3,-31.438206628526963,604672
4,79,5 7 1 4 4 5 7 0 5 4 3 6 0 6 2 4 7 0 6 1 6 4 2 1 7 7 2 2,-31.085488507263648,133088
4,80,1 4 5 4 3 4 0 0 6 6 3 0 4 6 0 1 4 2 6 7 2 4 7 3 2 1 1 4,-31.059036214703013,101856
4,81,0 2 0 0 4 6 7 0 5 5 7 0 2 5 7 3 5 6 0 7 6 2 1 3 4 4 5 6,-31.0986226080148,146976
4,82,4 6 7 0 1 2 2 5 0 2 2 0 5 0 3 0 7 0 7 7 1 5 1 1 2 2 1 5,-30.885429026225513,62192
4,83,1 7 2 0 1 5 5 1 0 2 2 0 3 7 7 5 3 0 2 5 0 2 1 3 4 4 4 5,-31.00730783963466,98912
4,84,4 4 3 3 1 3 1 5 0 6 2 2 6 5 0 6 2 0 1 1 2 1 7 3 7 3 5 3,-30.943656417004284,80400
4,85,4 2 5 1 1 6 6 7 3 4 3 6 0 6 2 4 7 0 6 2 6 4 4 2 0 3 5 3,-30.602423542915407,55376
4,86,0 2 0 0 4 7 1 1 0 0 7 6 1 4 4 1 6 6 1 0 6 2 1 3 4 4 6 6,-30.19777014336035,52272
4,87,2 6 2 3 7 1 3 3 4 6 0 0 1 1 2 0 5 2 5 3 6 5 3 7 2 3 1 5,-31.4963215115561,1047216
4,88,2 6 2 3 7 1 3 0 4 4 1 0 1 0 2 0 5 2 5 3 6 5 3 7 2 3 1 5,-31.45690498421328,1042512
4,89,6 6 7 4 4 5 7 0 5 5 7 0 2 5 7 4 3 1 5 6 4 1 4 7 1 3 5 0,-31.37887672530258,484368
4,90,5 7 0 1 0 1 5 0 6 3 0 1 0 6 7 4 6 2 1 0 2 1 6 0 0 7 6 0,-31.310204957387988,288512
4,91,5 7 1 4 0 6 6 7 1 4 3 6 0 6 2 4 7 0 6 1 6 4 2 1 7 7 2 3,-31.193457467085267,195232
4,92,5 7 0 1 0 1 5 1 6 2 6 4 4 1 2 1 3 4 3 2 5 1 6 0 0 7 6 3,-31.166088999969052,175936
4,93,1 6 5 4 2 4 5 4 2 2 5 5 4 1 0 5 7 5 1 7 3 4 6 1 6 2 1 3,-30.996947851107524,109536
4,94,4 2 5 1 0 7 0 5 2 5 2 2 6 6 5 5 2 3 2 2 1 2 1 2 0 2 6 1,-31.05447635875789,135632
4,95,4 2 3 6 1 2 0 4 5 5 0 1 3 6 0 4 6 2 1 6 6 4 7 3 2 0 5 6,-30.93815395096243,82992
4,96,4 2 3 6 1 2 0 4 5 6 0 1 0 3 3 4 6 2 1 7 2 4 7 3 2 0 5 6,-30.82545513262982,82336
4,97,4 0 2 2 4 6 1 4 1 6 7 4 1 0 3 4 4 0 5 1 7 4 5 4 5 2 4 4,-28.58570309981248,52464
4,98,4 2 5 1 2 1 0 7 7 3 1 5 7 2 5 6 7 7 5 3 2 2 4 2 0 2 6 1,-30.127223919942708,58240
4,99,0 0 1 7 3 6 0 1 0 3 1 1 4 3 1 3 2 1 2 2 1 2 1 3 4 4 1 6,-30.513728261030582,58432
