Net,params,valid_psnr
"[7, 7, 5, 4, 7, 1, 5, 6, 7, 1, 0, 7, 5, 7, 5, 1, 7, 2, 5, 7, 7, 6, 7, 4, 3, 7, 0, 5]",811872,35.26165581
"[7, 7, 4, 4, 7, 1, 5, 6, 7, 1, 0, 6, 4, 7, 5, 1, 7, 5, 3, 7, 1, 5, 7, 5, 3, 7, 6, 6]",512800,34.80451965
"[5, 7, 4, 4, 7, 1, 3, 7, 1, 6, 7, 4, 7, 7, 5, 1, 7, 0, 4, 0, 7, 6, 7, 7, 3, 7, 7, 5]",155072,34.44270325
"[4, 7, 4, 4, 7, 2, 5, 6, 7, 1, 6, 6, 5, 7, 5, 1, 7, 0, 2, 7, 7, 5, 7, 4, 3, 7, 1, 2]",40224,34.59231186
"[4, 7, 4, 4, 7, 2, 4, 7, 1, 6, 7, 4, 7, 7, 5, 1, 7, 0, 2, 7, 1, 5, 7, 5, 3, 7, 1, 2]",2272,31.87863731
"[4, 7, 4, 4, 7, 2, 5, 6, 6, 1, 0, 6, 5, 7, 5, 1, 7, 0, 3, 7, 1, 5, 7, 5, 3, 7, 1, 2]",27936,34.67798233
"[7, 7, 4, 4, 7, 2, 6, 6, 7, 1, 0, 6, 5, 7, 5, 1, 7, 5, 2, 7, 1, 5, 7, 5, 3, 7, 0, 5]",615264,35.35400391
"[7, 7, 4, 3, 7, 1, 5, 6, 7, 1, 0, 6, 5, 7, 5, 1, 7, 5, 2, 7, 1, 5, 7, 5, 3, 7, 0, 5]",615264,35.03932953
"[7, 7, 4, 4, 7, 2, 5, 6, 7, 1, 0, 6, 4, 7, 5, 1, 7, 5, 3, 7, 1, 5, 7, 5, 3, 7, 0, 5]",512800,34.96873856
"[7, 7, 4, 4, 7, 1, 5, 6, 6, 1, 1, 6, 4, 7, 5, 1, 7, 5, 2, 7, 7, 6, 7, 4, 3, 7, 0, 5]",316192,35.15419769
"[5, 7, 4, 4, 7, 0, 3, 7, 1, 6, 7, 4, 7, 7, 5, 1, 7, 0, 4, 0, 7, 6, 7, 7, 3, 7, 7, 6]",155072,34.09374619
"[4, 7, 4, 4, 7, 2, 5, 6, 7, 1, 6, 6, 5, 7, 5, 1, 7, 0, 3, 7, 1, 5, 7, 4, 3, 7, 1, 2]",40224,34.6087265
"[4, 7, 4, 4, 7, 2, 5, 6, 6, 1, 0, 6, 5, 7, 2, 1, 7, 0, 3, 7, 1, 5, 7, 5, 3, 7, 1, 2]",27936,34.425457
"[4, 7, 4, 4, 7, 2, 4, 7, 1, 6, 7, 4, 5, 7, 5, 1, 7, 2, 5, 7, 7, 6, 7, 4, 3, 7, 1, 2]",2272,33.4311676
"[7, 7, 4, 4, 7, 2, 6, 6, 7, 1, 0, 6, 5, 7, 5, 1, 7, 2, 5, 7, 7, 6, 7, 4, 3, 7, 0, 5]",615264,35.34061432
"[7, 7, 4, 4, 7, 2, 5, 6, 7, 1, 0, 6, 4, 7, 5, 1, 7, 5, 2, 7, 1, 5, 7, 5, 3, 7, 0, 5]",512800,34.22737122
"[7, 7, 4, 4, 7, 2, 5, 6, 6, 1, 1, 6, 4, 7, 5, 1, 7, 5, 2, 7, 0, 6, 7, 4, 3, 7, 0, 5]",316192,35.53321457
"[3, 0, 7, 5, 7, 4, 1, 7, 4, 0, 7, 0, 5, 0, 0, 4, 7, 5, 2, 6, 7, 5, 7, 4, 2, 7, 3, 3]",816032,33.96062851
"[3, 0, 7, 5, 7, 4, 1, 7, 5, 1, 7, 0, 5, 0, 0, 4, 7, 5, 2, 6, 7, 5, 7, 4, 2, 7, 3, 3]",816032,33.96062851
"[7, 6, 7, 0, 7, 4, 4, 0, 7, 4, 7, 0, 2, 6, 2, 4, 7, 4, 4, 7, 4, 5, 7, 0, 3, 6, 7, 5]",914336,33.68159485
"[7, 6, 7, 0, 7, 4, 4, 0, 7, 4, 7, 0, 2, 6, 2, 4, 7, 4, 4, 7, 4, 5, 7, 0, 0, 6, 7, 5]",914336,33.74074936
"[7, 6, 4, 0, 7, 4, 4, 0, 7, 4, 7, 0, 2, 6, 3, 4, 7, 5, 4, 7, 4, 5, 7, 0, 3, 6, 7, 5]",816032,32.38177872
"[7, 6, 4, 0, 7, 4, 4, 0, 7, 4, 7, 0, 2, 6, 2, 4, 7, 4, 4, 7, 4, 6, 7, 0, 0, 6, 7, 5]",717728,32.77764893
"[7, 6, 4, 0, 7, 4, 4, 0, 7, 4, 7, 0, 2, 6, 2, 4, 7, 5, 4, 7, 4, 5, 7, 0, 0, 6, 7, 5]",717728,33.54297638
"[7, 6, 4, 0, 7, 4, 4, 0, 7, 4, 7, 0, 5, 6, 3, 4, 7, 5, 4, 7, 4, 5, 7, 0, 1, 6, 2, 5]",619424,33.18656158
"[7, 6, 5, 0, 7, 3, 4, 0, 7, 4, 7, 0, 5, 6, 3, 4, 7, 5, 4, 7, 4, 5, 7, 0, 1, 6, 2, 5]",652192,31.72195435
"[7, 6, 7, 0, 7, 7, 4, 0, 7, 4, 7, 0, 2, 6, 3, 4, 7, 5, 4, 7, 4, 5, 7, 0, 0, 6, 7, 5]",1012640,32.26857376
"[5, 7, 6, 7, 4, 3, 4, 3, 1, 3, 2, 0, 5, 3, 6, 2, 6, 5, 7, 7, 5, 6, 2, 0, 1, 1, 5, 5]",180704,35.35825348
"[4, 7, 6, 7, 4, 3, 4, 4, 1, 3, 2, 0, 5, 4, 6, 2, 6, 4, 7, 7, 5, 6, 2, 0, 1, 1, 4, 5]",9856,34.56409836
"[4, 7, 6, 7, 4, 3, 4, 4, 1, 4, 2, 0, 5, 4, 6, 2, 7, 5, 6, 7, 5, 6, 2, 0, 1, 0, 4, 5]",7472,34.26384354
"[4, 7, 6, 7, 7, 3, 6, 7, 3, 3, 1, 0, 4, 7, 5, 1, 7, 5, 7, 7, 5, 6, 1, 0, 0, 1, 4, 4]",3088,33.65936661
"[4, 7, 6, 7, 4, 3, 4, 3, 1, 3, 2, 0, 5, 4, 6, 2, 6, 5, 6, 7, 5, 6, 2, 0, 1, 1, 5, 5]",27376,34.10596276
"[4, 7, 6, 7, 4, 3, 4, 4, 1, 3, 2, 0, 5, 4, 6, 2, 7, 5, 6, 7, 5, 6, 2, 0, 1, 1, 5, 5]",12864,33.47865677
"[4, 7, 6, 7, 4, 3, 4, 4, 1, 4, 2, 0, 5, 4, 6, 2, 7, 2, 7, 7, 5, 6, 2, 0, 0, 1, 4, 5]",7200,34.36985397
"[4, 7, 6, 7, 4, 3, 4, 3, 1, 3, 2, 0, 5, 4, 6, 2, 6, 5, 7, 7, 5, 6, 2, 0, 1, 1, 5, 5]",29696,34.15458425
"[4, 7, 6, 7, 4, 3, 4, 3, 0, 3, 2, 0, 5, 4, 6, 2, 6, 5, 7, 7, 5, 6, 2, 0, 1, 1, 5, 5]",21504,34.38047409
"[4, 7, 6, 7, 4, 3, 4, 4, 1, 3, 2, 0, 5, 4, 6, 2, 6, 4, 7, 7, 5, 6, 2, 0, 1, 1, 5, 5]",13952,33.70558357
"[4, 7, 6, 7, 4, 3, 4, 4, 1, 3, 2, 0, 5, 4, 6, 2, 7, 5, 7, 7, 5, 6, 2, 0, 1, 1, 4, 5]",8768,34.12910461
"[4, 7, 6, 7, 4, 3, 4, 4, 1, 4, 2, 0, 5, 4, 6, 2, 7, 5, 7, 7, 5, 6, 2, 0, 1, 0, 4, 5]",7472,34.46951294
"[4, 7, 6, 7, 7, 3, 6, 7, 3, 3, 1, 0, 4, 7, 5, 1, 7, 5, 6, 7, 5, 1, 1, 0, 0, 1, 4, 4]",3088,33.40761566
"[7, 7, 0, 5, 4, 0, 0, 2, 1, 0, 6, 6, 6, 4, 2, 5, 1, 0, 1, 3, 4, 1, 7, 3, 1, 0, 1, 3]",533408,35.00905609
"[7, 6, 0, 6, 2, 0, 0, 6, 4, 2, 1, 6, 5, 5, 1, 0, 2, 1, 5, 2, 4, 2, 5, 7, 1, 0, 1, 0]",1281888,35.1940155
"[7, 6, 0, 6, 2, 0, 0, 6, 4, 2, 1, 5, 5, 5, 1, 0, 2, 1, 5, 2, 5, 2, 5, 7, 1, 0, 1, 0]",1249120,34.0932579
"[7, 6, 0, 6, 2, 0, 0, 6, 4, 2, 2, 6, 5, 5, 1, 0, 2, 1, 5, 2, 5, 2, 5, 7, 1, 0, 1, 0]",1380192,34.98712921
"[6, 6, 0, 6, 2, 0, 0, 6, 4, 2, 1, 6, 5, 5, 1, 0, 2, 1, 5, 2, 5, 2, 5, 7, 1, 0, 1, 0]",780960,35.48802185
"[7, 6, 0, 6, 2, 0, 0, 6, 4, 2, 1, 6, 5, 5, 1, 0, 3, 1, 5, 2, 5, 2, 5, 7, 1, 0, 1, 0]",1380192,34.82844925
"[7, 6, 0, 6, 2, 0, 0, 6, 4, 2, 1, 6, 5, 5, 1, 0, 2, 1, 5, 3, 5, 2, 5, 7, 1, 0, 1, 0]",1380192,35.07762146
"[4, 0, 4, 5, 7, 5, 2, 4, 1, 0, 4, 2, 2, 1, 5, 6, 5, 5, 1, 1, 1, 1, 2, 0, 6, 4, 4, 6]",29616,33.55775833
"[4, 0, 4, 5, 7, 5, 2, 4, 1, 0, 4, 2, 2, 1, 4, 6, 4, 5, 1, 1, 0, 1, 2, 0, 6, 4, 4, 6]",9264,33.52708054
"[4, 0, 4, 5, 7, 5, 2, 4, 1, 0, 4, 1, 2, 1, 4, 6, 4, 5, 0, 2, 0, 1, 2, 0, 6, 4, 4, 6]",8064,33.14623642
"[4, 0, 4, 4, 7, 5, 2, 4, 1, 0, 4, 1, 1, 1, 4, 6, 4, 5, 0, 1, 0, 1, 2, 0, 5, 4, 4, 5]",6784,34.2649498
"[4, 0, 4, 4, 7, 5, 2, 4, 0, 0, 4, 1, 1, 2, 4, 5, 7, 5, 0, 1, 0, 0, 2, 0, 5, 4, 4, 5]",5680,33.98287582
"[4, 0, 4, 4, 7, 5, 2, 4, 1, 0, 7, 2, 2, 2, 4, 5, 4, 4, 0, 1, 0, 0, 2, 0, 5, 3, 4, 5]",5184,33.11155701
"[4, 0, 4, 4, 7, 5, 2, 4, 0, 0, 7, 2, 2, 2, 4, 4, 7, 5, 0, 1, 0, 0, 2, 0, 5, 3, 4, 5]",4480,33.53722
"[4, 7, 4, 4, 7, 4, 2, 7, 1, 7, 7, 3, 0, 7, 4, 4, 7, 4, 0, 7, 3, 0, 3, 0, 4, 1, 4, 4]",2816,32.97415161
"[4, 0, 4, 5, 7, 5, 2, 4, 1, 0, 4, 1, 2, 1, 4, 6, 4, 5, 1, 1, 0, 1, 2, 0, 6, 4, 4, 6]",8496,33.91934204
"[4, 0, 4, 4, 7, 5, 2, 4, 1, 0, 4, 1, 1, 1, 4, 5, 4, 5, 0, 1, 0, 0, 3, 0, 5, 4, 4, 5]",6240,33.92024612
"[4, 0, 4, 5, 7, 5, 2, 4, 1, 0, 4, 2, 2, 1, 4, 6, 4, 5, 1, 1, 1, 1, 2, 0, 6, 4, 4, 6]",13360,34.34610367
"[4, 0, 4, 5, 7, 5, 2, 4, 1, 0, 4, 1, 1, 1, 4, 6, 4, 5, 0, 1, 0, 1, 2, 0, 6, 4, 4, 5]",7328,34.00881577
"[4, 0, 4, 4, 7, 5, 2, 4, 0, 0, 7, 2, 2, 1, 4, 5, 4, 5, 0, 1, 0, 0, 3, 0, 5, 4, 4, 5]",5248,33.84514618
"[4, 7, 4, 4, 7, 5, 2, 4, 1, 0, 4, 2, 0, 7, 4, 4, 7, 4, 0, 7, 3, 0, 3, 0, 4, 1, 4, 4]",3936,33.80098343
"[7, 7, 0, 5, 4, 0, 0, 2, 1, 0, 6, 5, 6, 4, 2, 5, 1, 0, 1, 3, 4, 1, 7, 3, 1, 0, 1, 3]",336800,34.27273941
"[7, 7, 0, 5, 4, 0, 0, 2, 1, 0, 6, 6, 6, 4, 2, 5, 1, 0, 1, 3, 4, 1, 7, 3, 1, 0, 1, 2]",496480,34.078125
"[6, 7, 0, 5, 4, 0, 0, 2, 1, 0, 6, 6, 6, 4, 2, 5, 1, 0, 1, 3, 4, 1, 7, 3, 1, 0, 1, 3]",302544,35.16620255
"[7, 7, 0, 5, 4, 0, 0, 2, 1, 0, 7, 6, 6, 4, 2, 5, 1, 0, 1, 3, 4, 1, 7, 3, 1, 0, 1, 3]",226016,35.31979752
"[7, 7, 0, 5, 4, 0, 0, 2, 1, 0, 6, 6, 6, 4, 2, 5, 1, 0, 1, 3, 4, 1, 7, 3, 1, 0, 0, 3]",402336,35.1266861
"[7, 7, 0, 5, 4, 0, 0, 2, 1, 0, 6, 6, 6, 4, 2, 5, 1, 0, 1, 3, 4, 1, 7, 3, 1, 1, 1, 3]",533408,34.90726089
"[7, 7, 6, 5, 1, 4, 0, 7, 6, 0, 7, 4, 0, 7, 7, 3, 3, 4, 1, 7, 2, 4, 7, 4, 1, 7, 4, 5]",21280,33.7118187
"[7, 7, 6, 5, 1, 4, 0, 7, 6, 0, 7, 4, 0, 7, 7, 5, 2, 4, 0, 7, 2, 4, 7, 3, 1, 7, 6, 5]",17120,33.95808792
"[6, 7, 6, 5, 1, 4, 0, 7, 5, 0, 7, 4, 0, 7, 7, 4, 2, 4, 1, 7, 2, 4, 7, 4, 1, 7, 5, 5]",13680,33.9038887
"[6, 7, 6, 5, 1, 4, 0, 7, 6, 0, 7, 4, 0, 7, 7, 5, 2, 4, 0, 7, 2, 4, 7, 3, 1, 7, 6, 5]",11328,33.19969178
"[6, 7, 6, 5, 1, 4, 0, 7, 6, 0, 7, 4, 0, 7, 7, 5, 3, 4, 0, 7, 2, 4, 7, 4, 1, 7, 5, 5]",11328,32.92547607
"[6, 7, 6, 5, 1, 4, 0, 7, 6, 0, 7, 4, 0, 7, 7, 2, 3, 4, 0, 7, 2, 4, 7, 3, 1, 7, 6, 5]",11328,32.94129944
"[4, 7, 7, 4, 7, 6, 1, 7, 2, 2, 7, 7, 0, 7, 1, 1, 3, 4, 4, 7, 6, 5, 7, 1, 2, 7, 5, 5]",2544,32.07081604
"[7, 7, 6, 5, 1, 4, 0, 7, 6, 0, 7, 4, 0, 7, 7, 4, 3, 4, 1, 7, 2, 4, 7, 4, 1, 7, 5, 5]",21280,33.69351196
"[6, 7, 6, 5, 1, 4, 0, 7, 6, 0, 7, 4, 0, 7, 7, 5, 3, 4, 0, 7, 2, 4, 7, 3, 1, 7, 6, 5]",11328,33.2674675
"[6, 7, 6, 5, 1, 4, 0, 7, 6, 0, 7, 4, 0, 7, 7, 5, 3, 4, 0, 7, 2, 4, 7, 6, 5, 7, 5, 5]",11328,33.79618835
"[7, 7, 6, 5, 1, 4, 0, 7, 6, 0, 7, 4, 0, 7, 7, 5, 3, 4, 0, 7, 2, 4, 7, 3, 1, 7, 6, 5]",17120,34.2246418
"[7, 6, 4, 5, 1, 4, 0, 7, 6, 0, 7, 4, 0, 6, 7, 4, 2, 4, 1, 7, 2, 4, 7, 4, 1, 7, 5, 5]",230368,34.36423874
"[7, 7, 0, 5, 7, 0, 1, 7, 6, 6, 7, 4, 0, 0, 0, 4, 2, 3, 1, 7, 2, 7, 7, 1, 7, 7, 7, 6]",414496,34.90322113
"[7, 7, 0, 5, 7, 0, 1, 7, 6, 6, 7, 4, 0, 0, 0, 4, 3, 3, 1, 7, 2, 7, 7, 1, 7, 7, 7, 6]",414496,34.40028
"[7, 6, 0, 5, 7, 0, 1, 7, 6, 6, 7, 4, 0, 0, 0, 4, 3, 3, 1, 7, 2, 7, 7, 1, 7, 7, 7, 6]",422816,34.33481216
"[7, 6, 0, 5, 7, 0, 1, 7, 6, 6, 7, 4, 0, 0, 0, 4, 3, 3, 1, 6, 2, 7, 7, 1, 7, 7, 7, 6]",832672,34.43261719
"[7, 7, 0, 5, 7, 0, 1, 7, 6, 6, 7, 4, 0, 0, 0, 4, 3, 3, 1, 6, 2, 7, 7, 1, 7, 7, 7, 6]",824352,35.23862076
"[7, 6, 0, 5, 7, 0, 1, 7, 6, 6, 7, 4, 0, 0, 0, 4, 2, 3, 1, 6, 2, 7, 7, 1, 7, 7, 7, 6]",832672,33.74748993
"[7, 7, 0, 4, 7, 0, 1, 7, 6, 6, 7, 4, 0, 0, 0, 4, 3, 3, 1, 6, 2, 7, 7, 1, 7, 7, 7, 6]",824352,35.18936157
"[7, 6, 0, 5, 7, 0, 1, 7, 6, 6, 7, 4, 0, 0, 0, 4, 2, 3, 1, 6, 2, 7, 7, 0, 7, 7, 7, 6]",832672,35.34739304
"[6, 6, 0, 5, 3, 0, 0, 7, 4, 0, 6, 5, 0, 6, 0, 3, 2, 0, 3, 3, 0, 4, 1, 0, 0, 0, 4, 0]",60336,34.49692917
"[4, 7, 0, 5, 3, 0, 0, 7, 4, 0, 6, 5, 0, 6, 0, 3, 2, 0, 3, 3, 0, 4, 1, 0, 0, 0, 4, 0]",7856,34.14291
"[4, 7, 0, 5, 3, 0, 0, 7, 4, 0, 6, 4, 0, 6, 0, 3, 2, 0, 3, 3, 0, 4, 1, 0, 0, 0, 4, 0]",5808,34.1018219
"[4, 6, 0, 5, 3, 0, 0, 7, 4, 0, 6, 4, 0, 7, 0, 3, 2, 0, 3, 3, 0, 4, 1, 0, 0, 0, 4, 0]",5264,34.04541016
"[4, 7, 0, 5, 3, 0, 0, 6, 4, 0, 6, 4, 0, 7, 0, 2, 2, 0, 4, 3, 0, 4, 1, 0, 0, 0, 4, 0]",4176,34.08885193
"[4, 7, 1, 4, 3, 0, 0, 7, 4, 0, 6, 4, 0, 7, 0, 3, 2, 0, 4, 3, 0, 4, 2, 0, 0, 0, 4, 0]",3904,33.62579727
"[4, 7, 1, 5, 3, 0, 0, 7, 4, 6, 7, 3, 2, 7, 0, 4, 7, 0, 2, 7, 0, 1, 7, 0, 0, 7, 4, 0]",2544,33.0311203
"[4, 7, 0, 5, 3, 0, 0, 6, 4, 0, 6, 4, 0, 7, 0, 3, 2, 0, 4, 3, 0, 4, 1, 0, 0, 0, 4, 0]",4176,33.47609329
"[4, 7, 1, 5, 3, 0, 0, 7, 4, 6, 7, 3, 0, 7, 0, 2, 2, 0, 4, 3, 0, 4, 1, 0, 0, 0, 4, 0]",3632,33.82423401
"[4, 7, 0, 5, 3, 0, 0, 7, 3, 0, 7, 3, 2, 7, 0, 4, 7, 0, 2, 7, 0, 1, 7, 0, 0, 7, 4, 0]",2544,33.53735352
"[4, 7, 0, 5, 3, 0, 0, 7, 0, 0, 7, 3, 5, 7, 0, 4, 7, 0, 2, 7, 0, 2, 7, 0, 0, 7, 4, 0]",2544,32.79756546
"[3, 6, 5, 7, 1, 0, 4, 6, 0, 7, 6, 7, 0, 7, 5, 5, 7, 6, 5, 7, 1, 4, 7, 4, 6, 7, 6, 6]",378080,35.42250824
"[3, 6, 5, 5, 1, 0, 4, 6, 0, 7, 6, 7, 0, 7, 5, 5, 7, 6, 5, 7, 1, 4, 7, 4, 6, 7, 6, 6]",304224,35.34842682
"[3, 6, 5, 5, 1, 0, 4, 6, 0, 7, 6, 7, 0, 7, 5, 5, 7, 6, 5, 7, 1, 4, 7, 4, 7, 7, 6, 6]",304224,35.42772293
"[3, 6, 5, 5, 1, 0, 4, 6, 0, 7, 7, 7, 0, 7, 5, 5, 7, 6, 5, 7, 1, 4, 7, 4, 7, 7, 6, 6]",103456,35.15309906
"[3, 6, 5, 5, 1, 0, 4, 6, 0, 7, 6, 7, 0, 7, 5, 5, 7, 6, 5, 7, 1, 4, 7, 4, 7, 7, 7, 6]",304224,35.55259323
"[3, 6, 5, 5, 1, 0, 4, 6, 0, 7, 6, 7, 0, 7, 5, 5, 7, 7, 5, 7, 2, 4, 7, 4, 7, 7, 6, 6]",304224,34.82700729
"[3, 6, 5, 5, 1, 0, 4, 6, 0, 7, 7, 7, 0, 7, 5, 5, 7, 5, 5, 7, 2, 4, 7, 4, 7, 7, 6, 6]",103456,34.52515411
"[3, 6, 5, 5, 1, 0, 4, 6, 0, 7, 7, 7, 0, 7, 5, 5, 7, 7, 5, 7, 2, 4, 7, 4, 7, 7, 6, 6]",103456,35.35987091
"[4, 7, 3, 7, 7, 3, 4, 7, 4, 6, 7, 1, 5, 7, 7, 1, 7, 7, 0, 7, 3, 4, 7, 1, 1, 7, 1, 0]",2272,33.7141571
"[7, 6, 3, 7, 0, 6, 7, 6, 7, 3, 6, 3, 7, 7, 4, 0, 6, 7, 1, 5, 3, 7, 5, 2, 3, 5, 3, 0]",6176416,33.49149323
"[4, 7, 2, 7, 7, 7, 4, 7, 7, 5, 7, 1, 5, 7, 7, 1, 7, 7, 0, 7, 3, 4, 7, 1, 1, 7, 1, 0]",2272,33.52957916
"[4, 7, 2, 7, 7, 3, 4, 7, 4, 5, 7, 4, 5, 7, 4, 1, 7, 7, 0, 7, 3, 4, 7, 1, 1, 7, 1, 0]",2272,33.67762375
"[4, 7, 2, 7, 7, 0, 4, 7, 6, 5, 7, 1, 5, 7, 7, 1, 7, 7, 0, 7, 3, 4, 7, 1, 1, 7, 1, 0]",2272,33.992836
"[4, 7, 2, 7, 7, 3, 4, 7, 7, 5, 7, 1, 5, 7, 7, 1, 7, 7, 0, 7, 3, 4, 7, 1, 1, 7, 1, 0]",2272,32.84039688
"[4, 7, 2, 4, 7, 0, 4, 7, 4, 1, 7, 6, 5, 7, 6, 1, 7, 7, 0, 7, 3, 4, 7, 1, 1, 7, 1, 0]",2272,33.51369476
"[4, 7, 3, 7, 7, 0, 4, 7, 4, 6, 7, 1, 5, 7, 7, 1, 7, 7, 0, 7, 3, 4, 7, 1, 1, 7, 1, 0]",2272,33.54027939
"[4, 7, 3, 7, 7, 7, 4, 7, 7, 5, 7, 1, 5, 7, 7, 1, 7, 7, 0, 7, 3, 4, 7, 1, 1, 7, 1, 0]",2272,33.72185898
"[4, 7, 6, 4, 7, 4, 6, 7, 3, 7, 7, 0, 0, 7, 2, 7, 7, 5, 4, 7, 7, 0, 7, 3, 4, 7, 0, 7]",2272,33.52987289
"[5, 6, 7, 3, 7, 0, 2, 7, 6, 7, 7, 0, 0, 7, 2, 7, 7, 1, 3, 7, 7, 0, 7, 3, 6, 6, 0, 7]",209504,35.27482605
"[4, 6, 7, 3, 5, 7, 3, 6, 3, 7, 7, 0, 3, 7, 2, 7, 6, 3, 0, 7, 3, 0, 5, 3, 2, 5, 3, 7]",415040,33.85264206
"[5, 6, 7, 3, 7, 0, 2, 7, 5, 7, 7, 0, 3, 7, 2, 7, 7, 2, 2, 7, 0, 0, 7, 3, 6, 5, 3, 7]",628064,34.15713501
"[2, 6, 6, 5, 5, 7, 3, 6, 3, 7, 6, 2, 3, 7, 2, 7, 6, 3, 4, 6, 3, 0, 7, 3, 3, 5, 0, 3]",2009760,35.08950424
"[3, 6, 7, 3, 4, 4, 2, 7, 4, 6, 7, 0, 3, 7, 2, 7, 6, 3, 7, 7, 3, 0, 5, 3, 3, 6, 3, 7]",4095648,34.40084076
"[3, 6, 7, 3, 5, 7, 3, 6, 3, 7, 7, 0, 0, 7, 2, 7, 6, 3, 7, 6, 3, 0, 5, 3, 3, 5, 4, 7]",6015648,34.17110443
"[3, 3, 7, 7, 0, 6, 3, 5, 7, 7, 6, 7, 7, 5, 3, 1, 6, 7, 1, 6, 7, 3, 5, 3, 1, 5, 3, 7]",8223712,32.85315704
"[5, 7, 7, 7, 7, 6, 2, 1, 6, 7, 6, 7, 2, 6, 3, 0, 7, 7, 1, 6, 7, 3, 5, 3, 0, 7, 1, 4]",614336,32.76511002
"[5, 7, 7, 7, 4, 6, 3, 2, 6, 7, 7, 7, 2, 7, 3, 0, 7, 7, 1, 6, 7, 3, 5, 3, 0, 4, 1, 4]",422432,35.39048004
"[5, 7, 7, 7, 7, 6, 3, 7, 6, 7, 7, 7, 5, 7, 3, 0, 7, 7, 1, 6, 7, 3, 5, 3, 0, 7, 1, 4]",310976,35.42034149
"[5, 7, 6, 1, 7, 5, 2, 2, 6, 7, 7, 7, 7, 7, 3, 1, 7, 7, 1, 7, 7, 3, 5, 3, 0, 4, 2, 5]",216448,35.35205841
"[4, 4, 6, 1, 7, 5, 2, 5, 6, 7, 7, 7, 7, 6, 3, 0, 7, 7, 1, 6, 7, 3, 5, 3, 0, 6, 2, 4]",156880,34.61805344
"[4, 7, 7, 0, 0, 6, 3, 2, 6, 7, 7, 7, 5, 7, 3, 0, 7, 7, 1, 6, 7, 3, 2, 0, 0, 7, 2, 4]",104112,34.92229462
"[5, 7, 7, 7, 7, 6, 3, 7, 6, 7, 7, 7, 5, 7, 3, 0, 7, 7, 1, 6, 6, 5, 5, 0, 1, 7, 2, 4]",64352,35.01502228
"[4, 7, 6, 1, 7, 5, 4, 7, 6, 7, 7, 7, 5, 7, 3, 0, 7, 7, 1, 7, 3, 5, 1, 4, 4, 7, 2, 5]",2544,33.60856247
"[5, 7, 7, 7, 7, 6, 3, 5, 7, 7, 6, 7, 7, 6, 3, 0, 7, 7, 1, 7, 7, 3, 5, 3, 0, 5, 2, 4]",838976,34.5618248
"[4, 3, 7, 7, 0, 6, 3, 5, 7, 7, 6, 7, 0, 6, 2, 0, 7, 7, 1, 6, 6, 5, 5, 0, 1, 7, 2, 4]",221248,33.94236755
"[4, 7, 6, 1, 7, 5, 4, 7, 6, 7, 7, 7, 5, 7, 3, 1, 7, 7, 1, 7, 7, 3, 5, 3, 0, 4, 2, 5]",30896,33.43697357
"[5, 7, 7, 7, 7, 6, 2, 1, 6, 7, 7, 7, 7, 7, 3, 0, 7, 7, 1, 6, 7, 3, 5, 3, 0, 4, 1, 4]",414880,34.90836334
"[4, 7, 6, 1, 7, 2, 2, 5, 6, 7, 7, 7, 7, 6, 3, 0, 7, 7, 1, 7, 7, 3, 5, 3, 0, 6, 2, 4]",105264,34.73513794
"[5, 7, 7, 7, 7, 6, 3, 5, 7, 7, 6, 7, 5, 7, 3, 0, 7, 7, 1, 6, 7, 3, 5, 3, 0, 7, 1, 4]",834176,33.94623566
"[5, 7, 7, 7, 4, 6, 3, 2, 6, 7, 7, 7, 2, 7, 3, 0, 7, 7, 1, 6, 7, 3, 5, 3, 0, 4, 1, 5]",423808,34.83121872
"[5, 7, 7, 7, 7, 6, 2, 1, 6, 7, 7, 7, 7, 7, 3, 0, 7, 7, 1, 6, 7, 3, 5, 3, 0, 7, 1, 4]",413504,35.31182861
"[2, 7, 7, 7, 7, 6, 2, 1, 6, 7, 6, 7, 2, 7, 3, 0, 7, 7, 1, 6, 7, 3, 5, 3, 0, 4, 1, 5]",1268832,34.94997787
"[5, 7, 7, 7, 7, 6, 3, 5, 6, 7, 7, 7, 7, 7, 3, 0, 7, 7, 1, 7, 7, 3, 5, 3, 0, 7, 1, 4]",330176,33.40668869
"[4, 7, 3, 2, 7, 0, 4, 7, 1, 2, 7, 3, 3, 7, 1, 0, 7, 7, 1, 7, 2, 6, 7, 1, 2, 7, 2, 0]",2272,33.66044998
"[6, 7, 2, 3, 7, 0, 4, 7, 1, 2, 7, 3, 3, 7, 2, 0, 7, 7, 1, 7, 2, 6, 7, 1, 2, 7, 3, 7]",6624,33.98416519
"[4, 7, 3, 2, 7, 0, 4, 7, 1, 2, 7, 3, 3, 7, 1, 0, 7, 7, 1, 7, 2, 6, 6, 1, 1, 7, 2, 0]",6912,34.19293976
"[4, 7, 0, 1, 7, 0, 4, 7, 1, 2, 7, 3, 3, 6, 2, 0, 7, 7, 1, 7, 2, 6, 6, 1, 1, 7, 3, 1]",13328,34.59321594
"[4, 7, 3, 2, 7, 0, 4, 7, 1, 2, 7, 3, 3, 7, 2, 3, 6, 7, 1, 7, 2, 6, 6, 1, 0, 7, 2, 0]",29712,34.49666214
"[4, 7, 2, 2, 5, 0, 5, 7, 1, 2, 6, 3, 3, 7, 2, 0, 7, 7, 1, 7, 2, 6, 6, 1, 1, 7, 2, 0]",59424,34.72086334
"[7, 7, 2, 3, 7, 0, 4, 7, 2, 5, 7, 3, 2, 7, 1, 0, 7, 7, 1, 7, 2, 6, 6, 1, 1, 7, 2, 7]",82656,35.30355453
"[7, 7, 2, 3, 7, 0, 4, 7, 1, 2, 7, 3, 3, 6, 1, 0, 7, 7, 1, 7, 2, 6, 6, 1, 1, 6, 2, 1]",324512,35.46389771
"[7, 7, 3, 2, 7, 0, 4, 7, 1, 2, 7, 3, 3, 7, 2, 3, 6, 7, 1, 7, 2, 6, 6, 1, 3, 6, 3, 7]",1361120,35.6192131
"[7, 7, 2, 3, 7, 0, 4, 7, 1, 2, 7, 3, 3, 6, 2, 3, 6, 7, 1, 7, 3, 6, 6, 1, 3, 6, 3, 7]",1770976,35.41807556
"[7, 6, 3, 3, 5, 0, 4, 7, 1, 2, 7, 3, 3, 6, 2, 0, 7, 7, 1, 7, 3, 6, 6, 1, 3, 5, 3, 7]",2743648,35.50931168
"[7, 6, 3, 3, 4, 0, 3, 6, 2, 2, 6, 3, 3, 6, 2, 3, 6, 7, 1, 7, 2, 6, 6, 1, 3, 6, 3, 7]",3701664,30.96977997
"[7, 6, 3, 3, 5, 3, 3, 6, 3, 3, 6, 3, 3, 6, 2, 1, 6, 7, 1, 7, 2, 6, 5, 1, 3, 5, 3, 7]",6687584,32.23215866
"[0, 6, 1, 6, 7, 0, 7, 6, 2, 0, 0, 0, 1, 7, 4, 7, 7, 5, 0, 0, 0, 0, 6, 5, 4, 3, 0, 0]",19056,34.84353638
"[0, 7, 1, 6, 7, 0, 7, 7, 2, 0, 0, 0, 1, 7, 3, 7, 7, 5, 0, 0, 0, 0, 6, 4, 4, 3, 0, 0]",3632,33.97418594
"[0, 7, 1, 6, 7, 0, 7, 7, 2, 0, 0, 0, 0, 7, 3, 7, 7, 5, 0, 0, 0, 0, 7, 5, 4, 3, 0, 0]",3088,33.90839386
"[0, 7, 1, 6, 7, 0, 5, 7, 0, 0, 0, 0, 0, 7, 3, 7, 7, 5, 0, 0, 0, 0, 7, 2, 4, 2, 0, 0]",3088,32.58390427
"[0, 7, 1, 7, 7, 0, 7, 7, 0, 0, 0, 0, 0, 7, 3, 7, 7, 5, 0, 2, 0, 0, 7, 2, 4, 2, 0, 0]",3088,33.82643509
"[0, 7, 1, 7, 7, 0, 0, 7, 2, 0, 0, 0, 0, 7, 3, 7, 7, 5, 0, 0, 0, 0, 7, 2, 4, 2, 0, 0]",3088,33.61817169
"[0, 7, 1, 6, 7, 0, 7, 7, 0, 0, 0, 0, 0, 7, 3, 7, 7, 5, 0, 7, 3, 0, 7, 5, 4, 2, 0, 0]",2816,33.72266769
"[0, 7, 1, 1, 7, 0, 7, 7, 0, 0, 0, 0, 0, 7, 3, 7, 7, 5, 0, 7, 3, 0, 7, 5, 4, 2, 0, 0]",2816,33.84383392
"[0, 7, 1, 6, 7, 0, 3, 7, 1, 0, 7, 0, 0, 7, 1, 7, 7, 4, 1, 7, 0, 0, 7, 3, 2, 7, 0, 0]",2272,33.93891525
"[0, 7, 1, 6, 7, 0, 7, 7, 2, 0, 0, 0, 1, 7, 4, 7, 7, 5, 0, 0, 0, 0, 7, 4, 4, 3, 0, 0]",3360,33.67570496
"[0, 7, 1, 6, 7, 0, 5, 7, 0, 0, 1, 0, 0, 7, 3, 7, 7, 5, 0, 0, 0, 0, 7, 5, 4, 3, 0, 0]",3088,33.77332306
"[0, 7, 1, 6, 7, 0, 5, 7, 0, 0, 1, 0, 0, 7, 1, 7, 7, 5, 1, 7, 0, 0, 7, 5, 4, 3, 0, 0]",2816,33.74595642
"[0, 7, 1, 6, 7, 0, 7, 7, 2, 0, 0, 0, 1, 7, 4, 7, 7, 5, 0, 0, 0, 0, 6, 5, 4, 3, 0, 0]",5680,34.37633514
"[0, 7, 1, 6, 7, 0, 7, 7, 2, 0, 0, 0, 0, 7, 3, 7, 7, 5, 0, 0, 0, 0, 7, 2, 4, 2, 0, 0]",3088,33.8132019
"[0, 7, 1, 6, 7, 0, 7, 7, 2, 0, 0, 0, 0, 7, 3, 7, 7, 5, 0, 0, 0, 0, 7, 5, 4, 3, 0, 0]",3088,32.58390427
"[0, 7, 1, 6, 7, 0, 5, 7, 0, 0, 0, 0, 0, 7, 3, 7, 7, 5, 0, 0, 0, 0, 7, 5, 4, 3, 0, 0]",3088,34.10652161
"[1, 7, 4, 3, 7, 4, 4, 7, 3, 0, 6, 1, 2, 7, 7, 4, 7, 5, 2, 2, 4, 5, 7, 1, 2, 1, 3, 4]",84512,34.85128021
"[1, 7, 4, 3, 7, 4, 4, 7, 3, 0, 6, 0, 2, 7, 7, 4, 7, 5, 2, 2, 4, 5, 7, 1, 2, 1, 4, 3]",13952,34.55883789
"[1, 7, 4, 3, 7, 4, 4, 7, 3, 0, 6, 0, 2, 7, 7, 4, 7, 5, 2, 2, 4, 5, 7, 1, 2, 1, 4, 4]",10784,34.4773674
"[1, 7, 4, 3, 7, 4, 4, 7, 3, 0, 7, 1, 2, 7, 7, 4, 7, 5, 2, 2, 4, 5, 7, 1, 2, 1, 4, 4]",7616,34.42035675
"[1, 7, 4, 3, 7, 4, 4, 7, 3, 0, 7, 1, 2, 7, 7, 4, 7, 5, 2, 3, 4, 5, 7, 1, 2, 1, 4, 4]",7616,34.38175201
"[1, 7, 4, 3, 7, 4, 4, 7, 3, 0, 7, 1, 2, 7, 7, 4, 7, 5, 2, 2, 4, 4, 7, 1, 2, 1, 4, 4]",6560,33.38544083
"[0, 7, 4, 3, 7, 4, 4, 7, 3, 0, 6, 0, 2, 7, 7, 4, 7, 5, 2, 2, 4, 5, 7, 1, 2, 1, 4, 4]",3904,33.96707535
"[0, 7, 4, 3, 7, 4, 0, 7, 4, 6, 7, 4, 4, 7, 7, 4, 7, 4, 0, 7, 5, 2, 7, 1, 2, 7, 5, 4]",2272,33.59106827
"[0, 7, 4, 3, 7, 4, 4, 7, 3, 0, 7, 1, 2, 7, 0, 4, 7, 5, 2, 2, 4, 5, 7, 1, 2, 1, 4, 3]",3904,34.14280701
"[0, 7, 4, 3, 7, 4, 4, 7, 3, 0, 6, 0, 2, 7, 7, 4, 7, 5, 2, 2, 4, 5, 7, 1, 2, 1, 4, 3]",4720,34.16478348
"[0, 7, 4, 3, 7, 4, 0, 7, 3, 6, 7, 4, 4, 7, 7, 4, 7, 4, 0, 7, 5, 2, 7, 1, 2, 7, 5, 4]",2272,33.78348541
"[1, 7, 5, 5, 7, 5, 4, 7, 4, 3, 3, 0, 4, 7, 4, 0, 7, 3, 1, 2, 4, 4, 2, 1, 0, 1, 3, 4]",66016,34.75271988
"[1, 7, 5, 5, 7, 5, 4, 7, 3, 2, 2, 0, 4, 7, 4, 2, 7, 3, 1, 2, 4, 4, 2, 1, 0, 1, 4, 4]",16864,34.14862823
"[1, 7, 5, 5, 7, 5, 4, 7, 3, 3, 3, 0, 4, 7, 4, 0, 7, 3, 1, 2, 4, 4, 4, 1, 0, 1, 4, 4]",8992,34.1652832
"[1, 7, 5, 5, 7, 5, 4, 7, 4, 3, 2, 0, 4, 7, 4, 0, 7, 3, 1, 2, 4, 4, 4, 1, 0, 1, 4, 4]",8992,33.49990845
"[1, 7, 5, 5, 7, 5, 4, 7, 3, 3, 1, 0, 4, 7, 4, 0, 7, 3, 1, 2, 4, 4, 4, 1, 0, 1, 4, 4]",8992,34.79778671
"[0, 7, 5, 5, 7, 5, 4, 7, 3, 3, 3, 0, 4, 7, 4, 0, 7, 3, 1, 2, 4, 4, 2, 1, 0, 1, 4, 4]",5408,33.82820511
"[0, 7, 5, 5, 7, 5, 4, 7, 3, 3, 2, 0, 4, 7, 4, 2, 7, 3, 1, 2, 4, 4, 2, 1, 0, 1, 4, 4]",5408,34.0542717
"[0, 7, 5, 5, 7, 5, 4, 7, 3, 2, 2, 0, 4, 7, 4, 0, 7, 3, 1, 2, 4, 4, 4, 1, 0, 1, 4, 4]",3520,34.0897522
"[0, 7, 5, 5, 7, 5, 4, 7, 3, 2, 2, 0, 4, 7, 4, 2, 7, 3, 1, 2, 4, 4, 7, 1, 0, 1, 4, 4]",3088,34.11428452
"[0, 7, 2, 6, 7, 1, 5, 7, 0, 0, 7, 4, 0, 7, 5, 1, 7, 7, 4, 7, 5, 4, 1, 0, 0, 7, 0, 5]",2544,33.4906311
"[1, 7, 5, 5, 7, 5, 4, 7, 4, 3, 3, 0, 4, 7, 4, 0, 7, 2, 1, 2, 4, 4, 4, 1, 0, 1, 4, 4]",8992,34.58841705
"[0, 7, 5, 5, 7, 5, 4, 7, 3, 3, 3, 0, 4, 7, 4, 0, 7, 3, 1, 2, 4, 4, 3, 1, 0, 1, 4, 4]",5408,33.81178284
"[0, 7, 5, 5, 7, 5, 4, 7, 3, 3, 3, 0, 4, 7, 4, 0, 7, 3, 1, 2, 4, 4, 7, 1, 0, 1, 4, 4]",3088,34.0475235
"[1, 7, 5, 6, 7, 5, 4, 7, 3, 2, 3, 0, 4, 7, 4, 0, 7, 3, 1, 2, 4, 4, 3, 1, 0, 1, 4, 4]",16864,34.5567627
