gene_index,params,st1_best_val_psnr,st2_best_val_psnr,st1_best_model,st2_best_model,best_overall_psnr,best_overall_model
1,82944,34.791133880615234,,DNNs/Full Trained/strategic50/bass_0001_x2/bass_0001/best.keras,,34.791133880615234,DNNs/Full Trained/strategic50/bass_0001_x2/bass_0001/best.keras
2,139024,35.224430084228516,,DNNs/Full Trained/strategic50/bass_0002_x2/bass_0002/best.keras,,35.224430084228516,DNNs/Full Trained/strategic50/bass_0002_x2/bass_0002/best.keras
3,33424,35.0189323425293,,DNNs/Full Trained/strategic50/bass_0003_x2/bass_0003/best.keras,,35.0189323425293,DNNs/Full Trained/strategic50/bass_0003_x2/bass_0003/best.keras
4,117344,34.745182037353516,,DNNs/Full Trained/strategic50/bass_0004_x2/bass_0004/best.keras,,34.745182037353516,DNNs/Full Trained/strategic50/bass_0004_x2/bass_0004/best.keras
5,71840,35.063453674316406,,DNNs/Full Trained/strategic50/bass_0005_x2/bass_0005/best.keras,,35.063453674316406,DNNs/Full Trained/strategic50/bass_0005_x2/bass_0005/best.keras
6,68816,35.033294677734375,,DNNs/Full Trained/strategic50/bass_0006_x2/bass_0006/best.keras,,35.033294677734375,DNNs/Full Trained/strategic50/bass_0006_x2/bass_0006/best.keras
7,49568,35.163551330566406,,DNNs/Full Trained/strategic50/bass_0007_x2/bass_0007/best.keras,,35.163551330566406,DNNs/Full Trained/strategic50/bass_0007_x2/bass_0007/best.keras
8,82208,34.918601989746094,,DNNs/Full Trained/strategic50/bass_0008_x2/bass_0008/best.keras,,34.918601989746094,DNNs/Full Trained/strategic50/bass_0008_x2/bass_0008/best.keras
9,88112,34.893367767333984,,DNNs/Full Trained/strategic50/bass_0009_x2/bass_0009/best.keras,,34.893367767333984,DNNs/Full Trained/strategic50/bass_0009_x2/bass_0009/best.keras
10,136272,34.813819885253906,,DNNs/Full Trained/strategic50/bass_0010_x2/bass_0010/best.keras,,34.813819885253906,DNNs/Full Trained/strategic50/bass_0010_x2/bass_0010/best.keras
11,368512,35.81719970703125,,DNNs/Full Trained/strategic50/bass_0011_x2/bass_0011/best.keras,,35.81719970703125,DNNs/Full Trained/strategic50/bass_0011_x2/bass_0011/best.keras
12,398432,36.89028549194336,,DNNs/Full Trained/strategic50/bass_0012_x2/bass_0012/best.keras,,36.89028549194336,DNNs/Full Trained/strategic50/bass_0012_x2/bass_0012/best.keras
13,229920,36.72196960449219,,DNNs/Full Trained/strategic50/bass_0013_x2/bass_0013/best.keras,,36.72196960449219,DNNs/Full Trained/strategic50/bass_0013_x2/bass_0013/best.keras
14,157920,35.657020568847656,,DNNs/Full Trained/strategic50/bass_0014_x2/bass_0014/best.keras,,35.657020568847656,DNNs/Full Trained/strategic50/bass_0014_x2/bass_0014/best.keras
15,294976,36.52549743652344,,DNNs/Full Trained/strategic50/bass_0015_x2/bass_0015/best.keras,,36.52549743652344,DNNs/Full Trained/strategic50/bass_0015_x2/bass_0015/best.keras
16,179008,34.21154022216797,,DNNs/Full Trained/strategic50/bass_0016_x2/bass_0016/best.keras,,34.21154022216797,DNNs/Full Trained/strategic50/bass_0016_x2/bass_0016/best.keras
17,160944,35.00627136230469,,DNNs/Full Trained/strategic50/bass_0017_x2/bass_0017/best.keras,,35.00627136230469,DNNs/Full Trained/strategic50/bass_0017_x2/bass_0017/best.keras
18,511824,36.98381042480469,,DNNs/Full Trained/strategic50/bass_0018_x2/bass_0018/best.keras,,36.98381042480469,DNNs/Full Trained/strategic50/bass_0018_x2/bass_0018/best.keras
19,203136,34.60793685913086,,DNNs/Full Trained/strategic50/bass_0019_x2/bass_0019/best.keras,,34.60793685913086,DNNs/Full Trained/strategic50/bass_0019_x2/bass_0019/best.keras
20,387072,36.34652328491211,,DNNs/Full Trained/strategic50/bass_0020_x2/bass_0020/best.keras,,36.34652328491211,DNNs/Full Trained/strategic50/bass_0020_x2/bass_0020/best.keras
21,592896,36.215553283691406,,DNNs/Full Trained/strategic50/bass_0021_x2/bass_0021/best.keras,,36.215553283691406,DNNs/Full Trained/strategic50/bass_0021_x2/bass_0021/best.keras
22,628080,36.822662353515625,,DNNs/Full Trained/strategic50/bass_0022_x2/bass_0022/best.keras,,36.822662353515625,DNNs/Full Trained/strategic50/bass_0022_x2/bass_0022/best.keras
23,886304,37.25639343261719,,DNNs/Full Trained/strategic50/bass_0023_x2/bass_0023/best.keras,,37.25639343261719,DNNs/Full Trained/strategic50/bass_0023_x2/bass_0023/best.keras
24,593856,36.87035369873047,,DNNs/Full Trained/strategic50/bass_0024_x2/bass_0024/best.keras,,36.87035369873047,DNNs/Full Trained/strategic50/bass_0024_x2/bass_0024/best.keras
25,417056,37.09501266479492,,DNNs/Full Trained/strategic50/bass_0025_x2/bass_0025/best.keras,,37.09501266479492,DNNs/Full Trained/strategic50/bass_0025_x2/bass_0025/best.keras
26,686752,36.79348373413086,,DNNs/Full Trained/strategic50/bass_0026_x2/bass_0026/best.keras,,36.79348373413086,DNNs/Full Trained/strategic50/bass_0026_x2/bass_0026/best.keras
27,837648,36.845314025878906,,DNNs/Full Trained/strategic50/bass_0027_x2/bass_0027/best.keras,,36.845314025878906,DNNs/Full Trained/strategic50/bass_0027_x2/bass_0027/best.keras
28,728736,37.13152313232422,,DNNs/Full Trained/strategic50/bass_0028_x2/bass_0028/best.keras,,37.13152313232422,DNNs/Full Trained/strategic50/bass_0028_x2/bass_0028/best.keras
29,629568,36.87467956542969,,DNNs/Full Trained/strategic50/bass_0029_x2/bass_0029/best.keras,,36.87467956542969,DNNs/Full Trained/strategic50/bass_0029_x2/bass_0029/best.keras
30,641824,37.3391227722168,,DNNs/Full Trained/strategic50/bass_0030_x2/bass_0030/best.keras,,37.3391227722168,DNNs/Full Trained/strategic50/bass_0030_x2/bass_0030/best.keras
31,761440,37.1938591003418,,DNNs/Full Trained/strategic50/bass_0031_x2/bass_0031/best.keras,,37.1938591003418,DNNs/Full Trained/strategic50/bass_0031_x2/bass_0031/best.keras
32,1390800,37.23987579345703,,DNNs/Full Trained/strategic50/bass_0032_x2/bass_0032/best.keras,,37.23987579345703,DNNs/Full Trained/strategic50/bass_0032_x2/bass_0032/best.keras
33,1343776,36.770896911621094,,DNNs/Full Trained/strategic50/bass_0033_x2/bass_0033/best.keras,,36.770896911621094,DNNs/Full Trained/strategic50/bass_0033_x2/bass_0033/best.keras
34,1120800,37.08646774291992,,DNNs/Full Trained/strategic50/bass_0034_x2/bass_0034/best.keras,,37.08646774291992,DNNs/Full Trained/strategic50/bass_0034_x2/bass_0034/best.keras
35,984544,36.71306228637695,,DNNs/Full Trained/strategic50/bass_0035_x2/bass_0035/best.keras,,36.71306228637695,DNNs/Full Trained/strategic50/bass_0035_x2/bass_0035/best.keras
36,831504,37.0788688659668,,DNNs/Full Trained/strategic50/bass_0036_x2/bass_0036/best.keras,,37.0788688659668,DNNs/Full Trained/strategic50/bass_0036_x2/bass_0036/best.keras
37,882528,36.9992790222168,,DNNs/Full Trained/strategic50/bass_0037_x2/bass_0037/best.keras,,36.9992790222168,DNNs/Full Trained/strategic50/bass_0037_x2/bass_0037/best.keras
38,888480,36.70509338378906,,DNNs/Full Trained/strategic50/bass_0038_x2/bass_0038/best.keras,,36.70509338378906,DNNs/Full Trained/strategic50/bass_0038_x2/bass_0038/best.keras
39,750336,37.25659942626953,,DNNs/Full Trained/strategic50/bass_0039_x2/bass_0039/best.keras,,37.25659942626953,DNNs/Full Trained/strategic50/bass_0039_x2/bass_0039/best.keras
40,751728,37.068870544433594,,DNNs/Full Trained/strategic50/bass_0040_x2/bass_0040/best.keras,,37.068870544433594,DNNs/Full Trained/strategic50/bass_0040_x2/bass_0040/best.keras
41,2186544,37.13007736206055,,DNNs/Full Trained/strategic50/bass_0041_x2/bass_0041/best.keras,,37.13007736206055,DNNs/Full Trained/strategic50/bass_0041_x2/bass_0041/best.keras
42,1988896,37.761985778808594,,DNNs/Full Trained/strategic50/bass_0042_x2/bass_0042/best.keras,,37.761985778808594,DNNs/Full Trained/strategic50/bass_0042_x2/bass_0042/best.keras
43,1919472,37.044837951660156,,DNNs/Full Trained/strategic50/bass_0043_x2/bass_0043/best.keras,,37.044837951660156,DNNs/Full Trained/strategic50/bass_0043_x2/bass_0043/best.keras
44,2090848,37.141319274902344,,DNNs/Full Trained/strategic50/bass_0044_x2/bass_0044/best.keras,,37.141319274902344,DNNs/Full Trained/strategic50/bass_0044_x2/bass_0044/best.keras
45,2857312,37.54485321044922,,DNNs/Full Trained/strategic50/bass_0045_x2/bass_0045/best.keras,,37.54485321044922,DNNs/Full Trained/strategic50/bass_0045_x2/bass_0045/best.keras
46,1611104,36.796695709228516,,DNNs/Full Trained/strategic50/bass_0046_x2/bass_0046/best.keras,,36.796695709228516,DNNs/Full Trained/strategic50/bass_0046_x2/bass_0046/best.keras
47,1606816,36.924903869628906,,DNNs/Full Trained/strategic50/bass_0047_x2/bass_0047/best.keras,,36.924903869628906,DNNs/Full Trained/strategic50/bass_0047_x2/bass_0047/best.keras
48,1990624,37.88840866088867,,DNNs/Full Trained/strategic50/bass_0048_x2/bass_0048/best.keras,,37.88840866088867,DNNs/Full Trained/strategic50/bass_0048_x2/bass_0048/best.keras
49,1911008,37.20024108886719,,DNNs/Full Trained/strategic50/bass_0049_x2/bass_0049/best.keras,,37.20024108886719,DNNs/Full Trained/strategic50/bass_0049_x2/bass_0049/best.keras
50,1817376,36.72938537597656,,DNNs/Full Trained/strategic50/bass_0050_x2/bass_0050/best.keras,,36.72938537597656,DNNs/Full Trained/strategic50/bass_0050_x2/bass_0050/best.keras
